<?xml version="1.0" encoding="UTF-8"?>
<vcd:VCD xmlns:peppol="http://m2n.at/2009/05/peppol/" xmlns:cac="urn:peppol:wp2:schema:xsd:CommonAggregateComponents-2" xmlns:cbc="urn:peppol:wp2:schema:xsd:CommonBasicComponents-2" xmlns:cec="urn:oasis:names:specification:ubl:schema:xsd:CommonExtensionComponents-2" xmlns:clm54217="urn:un:unece:uncefact:codelist:specification:54217:2001" xmlns:clm66411="urn:un:unece:uncefact:codelist:specification:66411:2001" xmlns:clmIANAMIMEMediaType="urn:un:unece:uncefact:codelist:specification:IANAMIMEMediaType:2003" xmlns:udt="urn:un:unece:uncefact:data:specification:UnqualifiedDataTypesSchemaModule:2" xmlns:vcd="urn:peppol:wp2:schema:xsd:VirtualCompanyDossier-1" xmlns:xsi="http://www.w3.org/2001/XMLSchema-instance" xsi:schemaLocation="urn:peppol:wp2:schema:xsd:VirtualCompanyDossier-1 ../../../vcd_schema/xsd/maindoc/WP2-VirtualCompanyDossier-1.xsd ">
  <cbc:UUID>e19bc10b-58cc-4372-a567-0e02b2f9f123</cbc:UUID>
  <cbc:CompilationDate>2001-01-01</cbc:CompilationDate>
  <cac:RequesterParty>
  	<cac:PartyName>
  		<cbc:Name>M2N Consulting GmbH</cbc:Name>
  	</cac:PartyName>
  </cac:RequesterParty>
  <cac:EconomicOperator>
  <!--  austria -->
    <cbc:OntologyDomainCode>http://m2n.at/2009/05/peppol/Country583c10bfdbd326ba%3A-176bf4a8%3A124c3087c4e%3A-6361</cbc:OntologyDomainCode>
    <cac:Party>
    	<cac:PartyName>
    		<cbc:Name>BRZ GmbH</cbc:Name>
    	</cac:PartyName>
		<cac:Person>
			<cbc:FirstName>Max</cbc:FirstName>
			<cbc:MiddleName>F.</cbc:MiddleName>
			<cbc:FamilyName>Mustermann</cbc:FamilyName>
			<cbc:JobTitle>Sachbearbeiter</cbc:JobTitle>
		</cac:Person>
	</cac:Party>
    <cac:Criterion>
    	<cbc:ID>critBRZSuspBusAct</cbc:ID> <!-- generated id for internal reference -->
    	<cbc:RequestedIndicator>true</cbc:RequestedIndicator>
    	<cbc:ProvingEvidenceID>dg14122</cbc:ProvingEvidenceID> <!-- generated id for internal reference -->
    	<cac:EuropeanRegulation>
    		<cbc:Name>Suspended Business Activities</cbc:Name>
    		<cbc:LegalReference>Art. 52, 2a (3)</cbc:LegalReference>
    		<cbc:OntologyURI>http://m2n.at/2009/05/peppol/EUCriterion583c10bfdbd326ba%3A-2304bccb%3A124d7bae861%3A-727b</cbc:OntologyURI>
    	</cac:EuropeanRegulation>
    	<cac:ContractingAuthorityNationalRegulation>
    		<cbc:Name>Suspended Business Activities</cbc:Name>
    		<cbc:LegalReference>§61 Abs. 3/42</cbc:LegalReference>
    		<cbc:OntologyURI>http://m2n.at/2009/05/peppol/NationalAtomicCriterion583c10bfdbd326ba%3A1d286b4f%3A1260cd2e0f0%3A-55c2</cbc:OntologyURI>
    	</cac:ContractingAuthorityNationalRegulation>
    	<cac:EconomicOperatorNationalRegulation>
    		<cbc:Name>Suspended Business Activities</cbc:Name>
    		<cbc:LegalReference>§21/3/42</cbc:LegalReference>
    		<cbc:OntologyURI>http://m2n.at/2009/05/peppol/NationalAtomicCriterion583c10bfdbd326ba%3A68dd900%3A1258c6b552c%3A-6ccc</cbc:OntologyURI>
    	</cac:EconomicOperatorNationalRegulation>
    </cac:Criterion>
  </cac:EconomicOperator>
  
  <cac:Evidence>
      <cbc:DocumentGroupID>dg14122</cbc:DocumentGroupID> <!-- generated id for internal reference -->
    <cbc:ProvesCriterionID>critBRZSuspBusAct</cbc:ProvesCriterionID> <!-- generated id for internal reference -->
    <cbc:Title>Konkursregisterauszug</cbc:Title>
    <cac:OntologyDefinitionRegulation>http://m2n.at/2009/05/peppol/EvidenceIssuedByCompetentIssuingBody583c10bfdbd326ba%3A68dd900%3A1258c6b552c%3A-75c6</cac:OntologyDefinitionRegulation>
    
	<cac:DocumentReference>
		<cbc:ID>dg14122_1</cbc:ID>
		<cac:Language>
			<cbc:LocaleCode>de</cbc:LocaleCode>
		</cac:Language>

		<cac:Attachment>
			<cac:ExternalReference>
				<cbc:URI>eu:peppol:vcd:e19bc10b-58cc-4372-a567-0e02b2f9f123:KKRAusz.pdf</cbc:URI>
				<cbc:FileName>KKRAusz.pdf</cbc:FileName>
			</cac:ExternalReference>
		</cac:Attachment>
	</cac:DocumentReference>    
  </cac:Evidence>
</vcd:VCD>
