<?xml version="1.0" encoding="UTF-8"?>
<CreditNote xmlns="urn:oasis:names:specification:ubl:schema:xsd:CreditNote-2" xmlns:cac="urn:oasis:names:specification:ubl:schema:xsd:CommonAggregateComponents-2" xmlns:cbc="urn:oasis:names:specification:ubl:schema:xsd:CommonBasicComponents-2" xmlns:ccts="urn:un:unece:uncefact:documentation:2" xmlns:qdt="urn:oasis:names:specification:ubl:schema:xsd:QualifiedDatatypes-2" xmlns:udt="urn:un:unece:uncefact:data:specification:UnqualifiedDataTypesSchemaModule:2">
	<cbc:UBLVersionID>2.1</cbc:UBLVersionID>
	<cbc:CustomizationID>urn:www.cenbii.eu:transaction:biitrns014:ver2.0:extended:urn:www.peppol.eu:bis:peppol5a:ver2.0</cbc:CustomizationID>
	<cbc:ProfileID>urn:www.cenbii.eu:profile:bii05:ver2.0</cbc:ProfileID>
	<cbc:ID>TOSL210</cbc:ID>
	<cbc:IssueDate>2013-04-10</cbc:IssueDate>
	<cbc:Note>Ordered through our website</cbc:Note>
	<cbc:DocumentCurrencyCode listID="ISO4217">DKK</cbc:DocumentCurrencyCode>
	<cac:OrderReference>
		<cbc:ID>123</cbc:ID>
	</cac:OrderReference>
	<cac:BillingReference>
		<cac:InvoiceDocumentReference>
			<cbc:ID>TOSL110</cbc:ID>
		</cac:InvoiceDocumentReference>
	</cac:BillingReference>
	<cac:AccountingSupplierParty>
		<cac:Party>
			<cbc:EndpointID schemeID="GLN">5790989675432</cbc:EndpointID>
			<cac:PartyName>
				<cbc:Name>SellerCompany</cbc:Name>
			</cac:PartyName>
			<cac:PostalAddress>
				<cbc:StreetName>Main street 2, Building 4</cbc:StreetName>
				<cbc:CityName>Big city</cbc:CityName>
				<cbc:PostalZone>54321</cbc:PostalZone>
				<cac:Country>
					<cbc:IdentificationCode listID="ISO3166-1:Alpha2">DK</cbc:IdentificationCode>
				</cac:Country>
			</cac:PostalAddress>
			<cac:PartyTaxScheme>
				<cbc:CompanyID schemeID="DK:CVR">DK16356706</cbc:CompanyID>
				<cac:TaxScheme>
					<cbc:ID>VAT</cbc:ID>
				</cac:TaxScheme>
			</cac:PartyTaxScheme>
			<cac:PartyLegalEntity>
				<cbc:CompanyID schemeID="DK:CVR">DK16356706</cbc:CompanyID>
			</cac:PartyLegalEntity>
			<cac:Contact>
				<cbc:Name>Anthon Larsen</cbc:Name>
				<cbc:Telephone>+4598989898</cbc:Telephone>
				<cbc:ElectronicMail>Anthon@SellerCompany.dk</cbc:ElectronicMail>
			</cac:Contact>
		</cac:Party>
	</cac:AccountingSupplierParty>
	<cac:AccountingCustomerParty>
		<cac:Party>
			<cbc:EndpointID schemeID="GLN">5790989876765</cbc:EndpointID>
			<cac:PartyName>
				<cbc:Name>Buyercompany ltd</cbc:Name>
			</cac:PartyName>
			<cac:PostalAddress>
				<cbc:StreetName>Anystreet, Building 1</cbc:StreetName>
				<cbc:CityName>Anytown</cbc:CityName>
				<cbc:PostalZone>101</cbc:PostalZone>
				<cac:Country>
					<cbc:IdentificationCode listID="ISO3166-1:Alpha2">DK</cbc:IdentificationCode>
				</cac:Country>
			</cac:PostalAddress>
			<cac:Contact>
				<cbc:Name>John Hansen</cbc:Name>
			</cac:Contact>
		</cac:Party>
	</cac:AccountingCustomerParty>
	<cac:Delivery>
		<cbc:ActualDeliveryDate>2013-04-15</cbc:ActualDeliveryDate>
		<cac:DeliveryLocation>
			<cac:Address>
				<cbc:StreetName>Deliverystreet</cbc:StreetName>
				<cbc:CityName>Deliverycity</cbc:CityName>
				<cbc:PostalZone>9000</cbc:PostalZone>
				<cac:Country>
					<cbc:IdentificationCode listID="ISO3166-1:Alpha2">DK</cbc:IdentificationCode>
				</cac:Country>
			</cac:Address>
		</cac:DeliveryLocation>
	</cac:Delivery>
	<cac:PaymentMeans>
		<cbc:PaymentMeansCode listID="UNCL4461">42</cbc:PaymentMeansCode>
		<cbc:PaymentDueDate>2013-05-10</cbc:PaymentDueDate>
		<cbc:PaymentID>Payref1</cbc:PaymentID>
		<cac:PayeeFinancialAccount>
			<cbc:ID schemeID="LOCAL">DK1212341234123412</cbc:ID>
		</cac:PayeeFinancialAccount>
	</cac:PaymentMeans>
	<cac:TaxTotal>
		<cbc:TaxAmount currencyID="DKK">675.00</cbc:TaxAmount>
		<cac:TaxSubtotal>
			<cbc:TaxableAmount currencyID="DKK">1500.00</cbc:TaxableAmount>
			<cbc:TaxAmount currencyID="DKK">375.00</cbc:TaxAmount>
			<cac:TaxCategory>
				<cbc:ID schemeID="UNCL5305">S</cbc:ID>
				<cbc:Percent>25</cbc:Percent>
				<cac:TaxScheme>
					<cbc:ID>VAT</cbc:ID>
				</cac:TaxScheme>
			</cac:TaxCategory>
		</cac:TaxSubtotal>
		<cac:TaxSubtotal>
			<cbc:TaxableAmount currencyID="DKK">2500.00</cbc:TaxableAmount>
			<cbc:TaxAmount currencyID="DKK">300.00</cbc:TaxAmount>
			<cac:TaxCategory>
				<cbc:ID schemeID="UNCL5305">AA</cbc:ID>
				<cbc:Percent>12</cbc:Percent>
				<cac:TaxScheme>
					<cbc:ID>VAT</cbc:ID>
				</cac:TaxScheme>
			</cac:TaxCategory>
		</cac:TaxSubtotal>
	</cac:TaxTotal>
	<cac:LegalMonetaryTotal>
		<cbc:LineExtensionAmount currencyID="DKK">4000.00</cbc:LineExtensionAmount>
		<cbc:TaxExclusiveAmount currencyID="DKK">4000.00</cbc:TaxExclusiveAmount>
		<cbc:TaxInclusiveAmount currencyID="DKK">4675.00</cbc:TaxInclusiveAmount>
		<cbc:PayableAmount currencyID="DKK">4675.00</cbc:PayableAmount>
	</cac:LegalMonetaryTotal>
	<cac:CreditNoteLine>
		<cbc:ID>1</cbc:ID>
		<cbc:CreditedQuantity unitCode="C62" unitCodeListID="UNECERec20">1000</cbc:CreditedQuantity>
		<cbc:LineExtensionAmount currencyID="DKK">1000.00</cbc:LineExtensionAmount>
		<cac:TaxTotal>
			<cbc:TaxAmount currencyID="DKK">250.00</cbc:TaxAmount>
		</cac:TaxTotal>
		<cac:Item>
			<cbc:Description>Printing paper, 2mm</cbc:Description>
			<cbc:Name>Printing paper</cbc:Name>
			<cac:SellersItemIdentification>
				<cbc:ID>JB007</cbc:ID>
			</cac:SellersItemIdentification>
			<cac:ClassifiedTaxCategory>
				<cbc:ID schemeID="UNCL5305">S</cbc:ID>
				<cbc:Percent>25</cbc:Percent>
				<cac:TaxScheme>
					<cbc:ID>VAT</cbc:ID>
				</cac:TaxScheme>
			</cac:ClassifiedTaxCategory>
		</cac:Item>
		<cac:Price>
			<cbc:PriceAmount currencyID="DKK">1.00</cbc:PriceAmount>
		</cac:Price>
	</cac:CreditNoteLine>
	<cac:CreditNoteLine>
		<cbc:ID>2</cbc:ID>
		<cbc:CreditedQuantity unitCode="C62" unitCodeListID="UNECERec20">100</cbc:CreditedQuantity>
		<cbc:LineExtensionAmount currencyID="DKK">500.00</cbc:LineExtensionAmount>
		<cac:TaxTotal>
			<cbc:TaxAmount currencyID="DKK">125.00</cbc:TaxAmount>
		</cac:TaxTotal>
		<cac:Item>
			<cbc:Description>Parker Pen, Black, model Sansa</cbc:Description>
			<cbc:Name>Parker Pen</cbc:Name>
			<cac:SellersItemIdentification>
				<cbc:ID>JB008</cbc:ID>
			</cac:SellersItemIdentification>
			<cac:ClassifiedTaxCategory>
				<cbc:ID schemeID="UNCL5305">S</cbc:ID>
				<cbc:Percent>25</cbc:Percent>
				<cac:TaxScheme>
					<cbc:ID>VAT</cbc:ID>
				</cac:TaxScheme>
			</cac:ClassifiedTaxCategory>
		</cac:Item>
		<cac:Price>
			<cbc:PriceAmount currencyID="DKK">5.00</cbc:PriceAmount>
		</cac:Price>
	</cac:CreditNoteLine>
	<cac:CreditNoteLine>
		<cbc:ID>3</cbc:ID>
		<cbc:CreditedQuantity unitCode="C62" unitCodeListID="UNECERec20">500.00</cbc:CreditedQuantity>
		<cbc:LineExtensionAmount currencyID="DKK">2500.00</cbc:LineExtensionAmount>
		<cac:TaxTotal>
			<cbc:TaxAmount currencyID="DKK">300.00</cbc:TaxAmount>
		</cac:TaxTotal>
		<cac:Item>
			<cbc:Name>American Cookies</cbc:Name>
			<cac:SellersItemIdentification>
				<cbc:ID>JB009</cbc:ID>
			</cac:SellersItemIdentification>
			<cac:ClassifiedTaxCategory>
				<cbc:ID schemeID="UNCL5305">AA</cbc:ID>
				<cbc:Percent>12</cbc:Percent>
				<cac:TaxScheme>
					<cbc:ID>VAT</cbc:ID>
				</cac:TaxScheme>
			</cac:ClassifiedTaxCategory>
		</cac:Item>
		<cac:Price>
			<cbc:PriceAmount currencyID="DKK">5.00</cbc:PriceAmount>
		</cac:Price>
	</cac:CreditNoteLine>
</CreditNote>
