<?xml version="1.0" encoding="UTF-8"?>
<CreditNote xmlns="urn:oasis:names:specification:ubl:schema:xsd:CreditNote-2" xmlns:cac="urn:oasis:names:specification:ubl:schema:xsd:CommonAggregateComponents-2" xmlns:cbc="urn:oasis:names:specification:ubl:schema:xsd:CommonBasicComponents-2" xmlns:ccts="urn:un:unece:uncefact:documentation:2" xmlns:qdt="urn:oasis:names:specification:ubl:schema:xsd:QualifiedDatatypes-2" xmlns:udt="urn:un:unece:uncefact:data:specification:UnqualifiedDataTypesSchemaModule:2">
	<cbc:UBLVersionID>2.1</cbc:UBLVersionID>
	<cbc:CustomizationID>urn:www.cenbii.eu:transaction:biitrns014:ver2.0:extended:urn:www.peppol.eu:bis:peppol5a:ver2.0</cbc:CustomizationID>
	<cbc:ProfileID>urn:www.cenbii.eu:profile:bii05:ver2.0</cbc:ProfileID>
	<cbc:ID>TOSL210</cbc:ID>
	<cbc:IssueDate>2013-04-10</cbc:IssueDate>
	<cbc:Note>Ordered through catalogue</cbc:Note>
	<cbc:DocumentCurrencyCode listID="ISO4217">DKK</cbc:DocumentCurrencyCode>
	<cbc:AccountingCost>54321</cbc:AccountingCost>
	<cac:OrderReference>
		<cbc:ID>ORD544</cbc:ID>
	</cac:OrderReference>
	<cac:BillingReference>
		<cac:InvoiceDocumentReference>
			<cbc:ID>TOSL110</cbc:ID>
		</cac:InvoiceDocumentReference>
	</cac:BillingReference>
	<cac:ContractDocumentReference>
		<cbc:ID>CON123</cbc:ID>
		<cbc:DocumentTypeCode listID="UNCL1001">916</cbc:DocumentTypeCode>
		<cbc:DocumentType>Contract - related document</cbc:DocumentType>
	</cac:ContractDocumentReference>
	<cac:AdditionalDocumentReference>
		<cbc:ID>AGR321</cbc:ID>
		<cbc:DocumentType>Additional agreement</cbc:DocumentType>
	</cac:AdditionalDocumentReference>
	<cac:AccountingSupplierParty>
		<cac:Party>
			<cbc:EndpointID schemeID="GLN">5790989675432</cbc:EndpointID>
			<cac:PartyIdentification>
				<cbc:ID schemeID="DK:CVR">DK16356706"</cbc:ID>
			</cac:PartyIdentification>
			<cac:PartyName>
				<cbc:Name>SellerCompany</cbc:Name>
			</cac:PartyName>
			<cac:PostalAddress>
				<cbc:StreetName>Main street 2, Building 4</cbc:StreetName>
				<cbc:CityName>Big city</cbc:CityName>
				<cbc:PostalZone>54321</cbc:PostalZone>
				<cac:Country>
					<cbc:IdentificationCode listID="ISO3166-1:Alpha2">DK</cbc:IdentificationCode>
				</cac:Country>
			</cac:PostalAddress>
			<cac:PartyTaxScheme>
				<cbc:CompanyID schemeID="DK:CVR">DK16356706</cbc:CompanyID>
				<cac:TaxScheme>
					<cbc:ID>VAT</cbc:ID>
				</cac:TaxScheme>
			</cac:PartyTaxScheme>
			<cac:PartyLegalEntity>
				<cbc:RegistrationName>The Sellercompany Incorporated</cbc:RegistrationName>
				<cbc:CompanyID schemeID="DK:CVR">DK16356706</cbc:CompanyID>
				<cac:RegistrationAddress>
					<cbc:CityName>Big city</cbc:CityName>
				</cac:RegistrationAddress>
			</cac:PartyLegalEntity>
			<cac:Contact>
				<cbc:Name>Anthon Larsen</cbc:Name>
				<cbc:Telephone>+4598989898</cbc:Telephone>
				<cbc:ElectronicMail>Anthon@SellerCompany.dk</cbc:ElectronicMail>
			</cac:Contact>
		</cac:Party>
	</cac:AccountingSupplierParty>
	<cac:AccountingCustomerParty>
		<cac:Party>
			<cbc:EndpointID schemeID="GLN">5790989876765</cbc:EndpointID>
			<cac:PartyIdentification>
				<cbc:ID schemeID="DK:CVR">DK57356709"</cbc:ID>
			</cac:PartyIdentification>
			<cac:PartyName>
				<cbc:Name>Buyercompany ltd</cbc:Name>
			</cac:PartyName>
			<cac:PostalAddress>
				<cbc:StreetName>Anystreet, Building 1</cbc:StreetName>
				<cbc:CityName>Anytown</cbc:CityName>
				<cbc:PostalZone>101</cbc:PostalZone>
				<cac:Country>
					<cbc:IdentificationCode listID="ISO3166-1:Alpha2">DK</cbc:IdentificationCode>
				</cac:Country>
			</cac:PostalAddress>
			<cac:PartyLegalEntity>
				<cbc:RegistrationName>Buyer Inc</cbc:RegistrationName>
				<cbc:CompanyID schemeID="DK:CVR">DK57356709</cbc:CompanyID>
			</cac:PartyLegalEntity>
			<cac:Contact>
				<cbc:Name>John Hansen</cbc:Name>
				<cbc:Telephone>+4522446688</cbc:Telephone>
				<cbc:ElectronicMail>John@buyerinc.dk</cbc:ElectronicMail>
			</cac:Contact>
		</cac:Party>
	</cac:AccountingCustomerParty>
	<cac:PayeeParty>
		<cac:PartyIdentification>
			<cbc:ID schemeID="DK:CVR">DK57355804></cbc:ID>
		</cac:PartyIdentification>
		<cac:PartyName>
			<cbc:Name>Payee part</cbc:Name>
		</cac:PartyName>
		<cac:PartyLegalEntity>
			<cbc:CompanyID schemeID="DK:CVR">DK57355804</cbc:CompanyID>
		</cac:PartyLegalEntity>
	</cac:PayeeParty>
	<cac:Delivery>
		<cbc:ActualDeliveryDate>2013-04-15</cbc:ActualDeliveryDate>
		<cac:DeliveryLocation>
			<cbc:ID schemeID="GLN">5790989865761</cbc:ID>
			<cac:Address>
				<cbc:StreetName>Deliverystreet</cbc:StreetName>
				<cbc:CityName>Deliverycity</cbc:CityName>
				<cbc:PostalZone>9000</cbc:PostalZone>
				<cac:Country>
					<cbc:IdentificationCode listID="ISO3166-1:Alpha2">DK</cbc:IdentificationCode>
				</cac:Country>
			</cac:Address>
		</cac:DeliveryLocation>
	</cac:Delivery>
	<cac:PaymentMeans>
		<cbc:PaymentMeansCode listID="UNCL4461">42</cbc:PaymentMeansCode>
		<cbc:PaymentDueDate>2013-05-10</cbc:PaymentDueDate>
		<cbc:PaymentID>Payref1</cbc:PaymentID>
		<cac:PayeeFinancialAccount>
			<cbc:ID schemeID="IBAN">DK1212341234123412</cbc:ID>
			<cac:FinancialInstitutionBranch>
				<cac:FinancialInstitution>
					<cbc:ID schemeID="BIC">DKXDABCD</cbc:ID>
				</cac:FinancialInstitution>
			</cac:FinancialInstitutionBranch>
		</cac:PayeeFinancialAccount>
	</cac:PaymentMeans>
	<cac:PaymentTerms>
		<cbc:Note>Payment should be completed before due date</cbc:Note>
	</cac:PaymentTerms>
	<cac:AllowanceCharge>
		<cbc:ChargeIndicator>true</cbc:ChargeIndicator>
		<cbc:AllowanceChargeReasonCode listID="UNCL4465">93</cbc:AllowanceChargeReasonCode>
		<cbc:AllowanceChargeReason>Invoicing fee</cbc:AllowanceChargeReason>
		<cbc:Amount currencyID="DKK">100.00</cbc:Amount>
		<cac:TaxCategory>
			<cbc:ID schemeID="UNCL5305">S</cbc:ID>
			<cbc:Percent>25</cbc:Percent>
			<cac:TaxScheme>
				<cbc:ID>VAT</cbc:ID>
			</cac:TaxScheme>
		</cac:TaxCategory>
	</cac:AllowanceCharge>
	<cac:TaxTotal>
		<cbc:TaxAmount currencyID="DKK">705.00</cbc:TaxAmount>
		<cac:TaxSubtotal>
			<cbc:TaxableAmount currencyID="DKK">1500.00</cbc:TaxableAmount>
			<cbc:TaxAmount currencyID="DKK">375.00</cbc:TaxAmount>
			<cac:TaxCategory>
				<cbc:ID schemeID="UNCL5305">S</cbc:ID>
				<cbc:Percent>25</cbc:Percent>
				<cac:TaxScheme>
					<cbc:ID>VAT</cbc:ID>
				</cac:TaxScheme>
			</cac:TaxCategory>
		</cac:TaxSubtotal>
		<cac:TaxSubtotal>
			<cbc:TaxableAmount currencyID="DKK">2750.00</cbc:TaxableAmount>
			<cbc:TaxAmount currencyID="DKK">330.00</cbc:TaxAmount>
			<cac:TaxCategory>
				<cbc:ID schemeID="UNCL5305">AA</cbc:ID>
				<cbc:Percent>12</cbc:Percent>
				<cac:TaxScheme>
					<cbc:ID>VAT</cbc:ID>
				</cac:TaxScheme>
			</cac:TaxCategory>
		</cac:TaxSubtotal>
	</cac:TaxTotal>
	<cac:LegalMonetaryTotal>
		<cbc:LineExtensionAmount currencyID="DKK">4150.00</cbc:LineExtensionAmount>
		<cbc:TaxExclusiveAmount currencyID="DKK">4250.00</cbc:TaxExclusiveAmount>
		<cbc:TaxInclusiveAmount currencyID="DKK">4956.00</cbc:TaxInclusiveAmount>
		<cbc:ChargeTotalAmount currencyID="DKK">100.00</cbc:ChargeTotalAmount>
		<cbc:PayableRoundingAmount currencyID="DKK">1.00</cbc:PayableRoundingAmount>
		<cbc:PayableAmount currencyID="DKK">4956.00</cbc:PayableAmount>
	</cac:LegalMonetaryTotal>
	<cac:CreditNoteLine>
		<cbc:ID>1</cbc:ID>
		<cbc:CreditedQuantity unitCode="C62" unitCodeListID="UNECERec20">1000</cbc:CreditedQuantity>
		<cbc:LineExtensionAmount currencyID="DKK">900.00</cbc:LineExtensionAmount>
		<cbc:AccountingCost>BookingCode001</cbc:AccountingCost>
		<cac:OrderLineReference>
			<cbc:LineID>1</cbc:LineID>
		</cac:OrderLineReference>
		<cac:TaxTotal>
			<cbc:TaxAmount currencyID="DKK">250.00</cbc:TaxAmount>
		</cac:TaxTotal>	
		<cac:AllowanceCharge>
			<cbc:ChargeIndicator>false</cbc:ChargeIndicator>
			<cbc:AllowanceChargeReason>Discount</cbc:AllowanceChargeReason>
			<cbc:Amount currencyID="DKK">100.00</cbc:Amount>
		</cac:AllowanceCharge>
		<cac:Item>
			<cbc:Description>Printing paper, 2mm</cbc:Description>
			<cbc:Name>Printing paper</cbc:Name>
			<cac:SellersItemIdentification>
				<cbc:ID>JB007</cbc:ID>
			</cac:SellersItemIdentification>
			<cac:StandardItemIdentification>
				<cbc:ID schemeID="GTIN">5712345002001</cbc:ID>
			</cac:StandardItemIdentification>
			<cac:CommodityClassification>
				<cbc:ItemClassificationCode listID="UNSPSC">12344321</cbc:ItemClassificationCode>
			</cac:CommodityClassification>
			<cac:ClassifiedTaxCategory>
				<cbc:ID schemeID="UNCL5305">S</cbc:ID>
				<cbc:Percent>25</cbc:Percent>
				<cac:TaxScheme>
					<cbc:ID>VAT</cbc:ID>
				</cac:TaxScheme>
			</cac:ClassifiedTaxCategory>
		</cac:Item>
		<cac:Price>
			<cbc:PriceAmount currencyID="DKK">1.00</cbc:PriceAmount>
		</cac:Price>
	</cac:CreditNoteLine>
	<cac:CreditNoteLine>
		<cbc:ID>2</cbc:ID>
		<cbc:CreditedQuantity unitCode="C62" unitCodeListID="UNECERec20">100</cbc:CreditedQuantity>
		<cbc:LineExtensionAmount currencyID="DKK">500.00</cbc:LineExtensionAmount>
		<cbc:AccountingCost>BookingCode002</cbc:AccountingCost>
		<cac:OrderLineReference>
			<cbc:LineID>2</cbc:LineID>
		</cac:OrderLineReference>
		<cac:TaxTotal>
			<cbc:TaxAmount currencyID="DKK">125.00</cbc:TaxAmount>
		</cac:TaxTotal>
		<cac:Item>
			<cbc:Description>Parker Pen, Black, model Sansa</cbc:Description>
			<cbc:Name>Parker Pen</cbc:Name>
			<cac:SellersItemIdentification>
				<cbc:ID>JB008</cbc:ID>
			</cac:SellersItemIdentification>
			<cac:StandardItemIdentification>
				<cbc:ID schemeID="GTIN">5712345002018</cbc:ID>
			</cac:StandardItemIdentification>
			<cac:CommodityClassification>
				<cbc:ItemClassificationCode listID="UNSPSC">44121702</cbc:ItemClassificationCode>
			</cac:CommodityClassification>
			<cac:ClassifiedTaxCategory>
				<cbc:ID schemeID="UNCL5305">S</cbc:ID>
				<cbc:Percent>25</cbc:Percent>
				<cac:TaxScheme>
					<cbc:ID>VAT</cbc:ID>
				</cac:TaxScheme>
			</cac:ClassifiedTaxCategory>
		</cac:Item>
		<cac:Price>
			<cbc:PriceAmount currencyID="DKK">5.00</cbc:PriceAmount>
		</cac:Price>
	</cac:CreditNoteLine>
	<cac:CreditNoteLine>
		<cbc:ID>3</cbc:ID>
		<cbc:CreditedQuantity unitCode="C62" unitCodeListID="UNECERec20">500.00</cbc:CreditedQuantity>
		<cbc:LineExtensionAmount currencyID="DKK">2500.00</cbc:LineExtensionAmount>
		<cbc:AccountingCost>BookingCode003</cbc:AccountingCost>
		<cac:OrderLineReference>
			<cbc:LineID>3</cbc:LineID>
		</cac:OrderLineReference>
		<cac:TaxTotal>
			<cbc:TaxAmount currencyID="DKK">60.00</cbc:TaxAmount>
		</cac:TaxTotal>
		<cac:Item>
			<cbc:Name>American Cookies</cbc:Name>
			<cac:SellersItemIdentification>
				<cbc:ID>JB009</cbc:ID>
			</cac:SellersItemIdentification>
			<cac:StandardItemIdentification>
				<cbc:ID schemeID="GTIN">5712345002025</cbc:ID>
			</cac:StandardItemIdentification>
			<cac:CommodityClassification>
				<cbc:ItemClassificationCode listID="UNSPSC">50181905</cbc:ItemClassificationCode>
			</cac:CommodityClassification>
			<cac:ClassifiedTaxCategory>
				<cbc:ID schemeID="UNCL5305">AA</cbc:ID>
				<cbc:Percent>12</cbc:Percent>
				<cac:TaxScheme>
					<cbc:ID>VAT</cbc:ID>
				</cac:TaxScheme>
			</cac:ClassifiedTaxCategory>
		</cac:Item>
		<cac:Price>
			<cbc:PriceAmount currencyID="DKK">5.00</cbc:PriceAmount>
		</cac:Price>
	</cac:CreditNoteLine>
	<cac:CreditNoteLine>
		<cbc:ID>4</cbc:ID>
		<cbc:CreditedQuantity unitCode="C62" unitCodeListID="UNECERec20">500</cbc:CreditedQuantity>
		<cbc:LineExtensionAmount currencyID="DKK">250.00</cbc:LineExtensionAmount>
		<cbc:AccountingCost>BookingCode004</cbc:AccountingCost>
		<cac:OrderLineReference>
			<cbc:LineID>4</cbc:LineID>
		</cac:OrderLineReference>
		<cac:TaxTotal>
			<cbc:TaxAmount currencyID="DKK">30.00</cbc:TaxAmount>
		</cac:TaxTotal>
		<cac:Item>
			<cbc:Name>Crunchy cookies</cbc:Name>
			<cac:SellersItemIdentification>
				<cbc:ID>JB009</cbc:ID>
			</cac:SellersItemIdentification>
			<cac:StandardItemIdentification>
				<cbc:ID schemeID="GTIN">5712345002032</cbc:ID>
			</cac:StandardItemIdentification>
			<cac:CommodityClassification>
				<cbc:ItemClassificationCode listID="UNSPSC">50181905</cbc:ItemClassificationCode>
			</cac:CommodityClassification>
			<cac:ClassifiedTaxCategory>
				<cbc:ID schemeID="UNCL5305">AA</cbc:ID>
				<cbc:Percent>12</cbc:Percent>
				<cac:TaxScheme>
					<cbc:ID>VAT</cbc:ID>
				</cac:TaxScheme>
			</cac:ClassifiedTaxCategory>
		</cac:Item>
		<cac:Price>
			<cbc:PriceAmount currencyID="DKK">0.5</cbc:PriceAmount>
		</cac:Price>
	</cac:CreditNoteLine>
</CreditNote>
