<?xml version="1.0" encoding="UTF-8"?>
<Invoice xmlns="urn:oasis:names:specification:ubl:schema:xsd:Invoice-2" xmlns:cac="urn:oasis:names:specification:ubl:schema:xsd:CommonAggregateComponents-2" xmlns:cbc="urn:oasis:names:specification:ubl:schema:xsd:CommonBasicComponents-2" xmlns:ccts="urn:un:unece:uncefact:documentation:2" xmlns:qdt="urn:oasis:names:specification:ubl:schema:xsd:QualifiedDatatypes-2" xmlns:udt="urn:un:unece:uncefact:data:specification:UnqualifiedDataTypesSchemaModule:2">
	<cbc:UBLVersionID>2.1</cbc:UBLVersionID>
	<cbc:CustomizationID>urn:www.cenbii.eu:transaction:biitrns010:ver2.0:extended:urn:www.peppol.eu:bis:peppol4a:ver2.0</cbc:CustomizationID>
	<cbc:ProfileID>urn:www.cenbii.eu:profile:bii04:ver2.0</cbc:ProfileID>
	<cbc:ID>INVOICE_test_4</cbc:ID>
	<cbc:IssueDate>2013-05-13</cbc:IssueDate>
	<cbc:InvoiceTypeCode listID="UNCL1001">380</cbc:InvoiceTypeCode>
	<cbc:Note>Testscenario 4</cbc:Note>
	<cbc:DocumentCurrencyCode listID="ISO4217">SEK</cbc:DocumentCurrencyCode>
	<cac:OrderReference>
		<cbc:ID>Order_9988_x</cbc:ID>
	</cac:OrderReference>
	<cac:AccountingSupplierParty>
		<cac:Party>
			<cac:PartyName>
				<cbc:Name>Civic Service Centre</cbc:Name>
			</cac:PartyName>
			<cac:PostalAddress>
				<cbc:StreetName>Main street 2, Building 4</cbc:StreetName>
				<cbc:CityName>Big city</cbc:CityName>
				<cbc:PostalZone>54321</cbc:PostalZone>
				<cac:Country>
					<cbc:IdentificationCode listID="ISO3166-1:Alpha2">SE</cbc:IdentificationCode>
				</cac:Country>
			</cac:PostalAddress>
			<cac:PartyLegalEntity>
				<cbc:RegistrationName>The Sellercompany Incorporated</cbc:RegistrationName>
				<cbc:CompanyID schemeID="SE:ORGNR">5532331183</cbc:CompanyID>
			</cac:PartyLegalEntity>
			<cac:Contact>
				<cbc:Name>Anthon Larsen</cbc:Name>
				<cbc:Telephone>+4698989898</cbc:Telephone>
				<cbc:ElectronicMail>Anthon@SellerCompany.se</cbc:ElectronicMail>
			</cac:Contact>
		</cac:Party>
	</cac:AccountingSupplierParty>
	<cac:AccountingCustomerParty>
		<cac:Party>
			<cac:PartyIdentification>
				<cbc:ID schemeID="SE:ORGNR">9876543210</cbc:ID>
			</cac:PartyIdentification>
			<cac:PartyName>
				<cbc:Name>THe Buyercompany</cbc:Name>
			</cac:PartyName>
			<cac:PostalAddress>
				<cbc:StreetName>Anystreet 8</cbc:StreetName>
				<cbc:AdditionalStreetName>Back door</cbc:AdditionalStreetName>
				<cbc:CityName>Anytown</cbc:CityName>
				<cbc:PostalZone>101</cbc:PostalZone>
				<cbc:CountrySubentity>RegionB</cbc:CountrySubentity>
				<cac:Country>
					<cbc:IdentificationCode listID="ISO3166-1:Alpha2">SE</cbc:IdentificationCode>
				</cac:Country>
			</cac:PostalAddress>
			<cac:Contact>
				<cbc:ID>3150bdn</cbc:ID>
				<cbc:Name>John Doe</cbc:Name>
				<cbc:Telephone>5121230</cbc:Telephone>
				<cbc:Telefax>5121231</cbc:Telefax>
				<cbc:ElectronicMail>john@buyercompany.no</cbc:ElectronicMail>
			</cac:Contact>
		</cac:Party>
	</cac:AccountingCustomerParty>
	<cac:PaymentMeans>
		<cbc:PaymentMeansCode listID="UNCL4461">42</cbc:PaymentMeansCode>
		<cbc:PaymentDueDate>2013-05-30</cbc:PaymentDueDate>
		<cac:PayeeFinancialAccount>
			<cbc:ID schemeID="IBAN">SE1212341234123412</cbc:ID>
			<cac:FinancialInstitutionBranch>
				<cac:FinancialInstitution>
					<cbc:ID schemeID="BIC">SEXDABCD</cbc:ID>
				</cac:FinancialInstitution>
			</cac:FinancialInstitutionBranch>
		</cac:PayeeFinancialAccount>
	</cac:PaymentMeans>
	<cac:LegalMonetaryTotal>
		<cbc:LineExtensionAmount currencyID="SEK">3200.00</cbc:LineExtensionAmount>
		<cbc:TaxExclusiveAmount currencyID="SEK">3200.00</cbc:TaxExclusiveAmount>
		<cbc:TaxInclusiveAmount currencyID="SEK">3200.00</cbc:TaxInclusiveAmount>
		<cbc:PayableAmount currencyID="SEK">3200.00</cbc:PayableAmount>
	</cac:LegalMonetaryTotal>
	<cac:InvoiceLine>
		<cbc:ID>1</cbc:ID>
		<cbc:InvoicedQuantity unitCode="C62" unitCodeListID="UNECERec20">1</cbc:InvoicedQuantity>
		<cbc:LineExtensionAmount currencyID="SEK">2500.00</cbc:LineExtensionAmount>
		<cac:OrderLineReference>
			<cbc:LineID>1</cbc:LineID>
		</cac:OrderLineReference>
		<cac:Item>
			<cbc:Description>Weight-based tax, vehicles >3000 KGM</cbc:Description>
			<cbc:Name>Road tax</cbc:Name>
			<cac:SellersItemIdentification>
				<cbc:ID>RT3000</cbc:ID>
			</cac:SellersItemIdentification>
		</cac:Item>
		<cac:Price>
			<cbc:PriceAmount currencyID="SEK">2500.00</cbc:PriceAmount>
		</cac:Price>
	</cac:InvoiceLine>
	<cac:InvoiceLine>
		<cbc:ID>2</cbc:ID>
		<cbc:InvoicedQuantity unitCode="C62" unitCodeListID="UNECERec20">1</cbc:InvoicedQuantity>
		<cbc:LineExtensionAmount currencyID="SEK">700.00</cbc:LineExtensionAmount>
		<cac:OrderLineReference>
			<cbc:LineID>2</cbc:LineID>
		</cac:OrderLineReference>
		<cac:Item>
			<cbc:Description>Annual registration fee</cbc:Description>
			<cbc:Name>Road Register fee</cbc:Name>
			<cac:SellersItemIdentification>
				<cbc:ID>REG</cbc:ID>
			</cac:SellersItemIdentification>
		</cac:Item>
		<cac:Price>
			<cbc:PriceAmount currencyID="SEK">700.00</cbc:PriceAmount>
		</cac:Price>
	</cac:InvoiceLine>
</Invoice>
