<?xml version="1.0" encoding="UTF-8"?>
<Invoice xmlns="urn:oasis:names:specification:ubl:schema:xsd:Invoice-2" xmlns:cac="urn:oasis:names:specification:ubl:schema:xsd:CommonAggregateComponents-2" xmlns:cbc="urn:oasis:names:specification:ubl:schema:xsd:CommonBasicComponents-2" xmlns:ccts="urn:un:unece:uncefact:documentation:2" xmlns:qdt="urn:oasis:names:specification:ubl:schema:xsd:QualifiedDatatypes-2" xmlns:udt="urn:un:unece:uncefact:data:specification:UnqualifiedDataTypesSchemaModule:2">
	<cbc:UBLVersionID>2.1</cbc:UBLVersionID>
	<cbc:CustomizationID>urn:www.cenbii.eu:transaction:biitrns010:ver2.0:extended:urn:www.peppol.eu:bis:peppol4a:ver2.0</cbc:CustomizationID>
	<cbc:ProfileID>urn:www.cenbii.eu:profile:bii04:ver2.0</cbc:ProfileID>
	<cbc:ID>TOSL108</cbc:ID>
	<cbc:IssueDate>2013-06-03</cbc:IssueDate>
	<cbc:InvoiceTypeCode listID="UNCL1001">380</cbc:InvoiceTypeCode>
	<cbc:Note>Testscenario 3</cbc:Note>
	<cbc:DocumentCurrencyCode listID="ISO4217">DKK</cbc:DocumentCurrencyCode>
	<cac:OrderReference>
		<cbc:ID>Order_123</cbc:ID>
	</cac:OrderReference>
	<cac:AccountingSupplierParty>
		<cac:Party>
			<cbc:EndpointID schemeID="GLN">5790000435982</cbc:EndpointID>
			<cac:PartyIdentification>
				<cbc:ID schemeID="DK:CVR">DK16356706"</cbc:ID>
			</cac:PartyIdentification>
			<cac:PartyName>
				<cbc:Name>SellerCompany</cbc:Name>
			</cac:PartyName>
			<cac:PostalAddress>
				<cbc:StreetName>Main street 2, Building 4</cbc:StreetName>
				<cbc:CityName>Big city</cbc:CityName>
				<cbc:PostalZone>54321</cbc:PostalZone>
				<cac:Country>
					<cbc:IdentificationCode listID="ISO3166-1:Alpha2">DK</cbc:IdentificationCode>
				</cac:Country>
			</cac:PostalAddress>
			<cac:PartyTaxScheme>
				<cbc:CompanyID schemeID="DK:SE">DK16356706</cbc:CompanyID>
				<cac:TaxScheme>
					<cbc:ID>VAT</cbc:ID>
				</cac:TaxScheme>
			</cac:PartyTaxScheme>
			<cac:PartyLegalEntity>
				<cbc:RegistrationName>The Sellercompany Incorporated</cbc:RegistrationName>
				<cbc:CompanyID schemeID="DK:CVR">DK16356706</cbc:CompanyID>
				<cac:RegistrationAddress>
					<cbc:CityName>Big city</cbc:CityName>
				</cac:RegistrationAddress>
			</cac:PartyLegalEntity>
			<cac:Contact>
				<cbc:Name>Anthon Larsen</cbc:Name>
				<cbc:Telephone>+4598989898</cbc:Telephone>
				<cbc:ElectronicMail>Anthon@SellerCompany.dk</cbc:ElectronicMail>
			</cac:Contact>
		</cac:Party>
	</cac:AccountingSupplierParty>
	<cac:AccountingCustomerParty>
		<cac:Party>
			<cbc:EndpointID schemeID="NO:ORGNR">987654321</cbc:EndpointID>
			<cac:PartyIdentification>
				<cbc:ID schemeID="GLN">5790000436132</cbc:ID>
			</cac:PartyIdentification>
			<cac:PartyName>
				<cbc:Name>The Buyercompany</cbc:Name>
			</cac:PartyName>
			<cac:PostalAddress>
				<cbc:StreetName>Anystreet 8</cbc:StreetName>
				<cbc:AdditionalStreetName>Back door</cbc:AdditionalStreetName>
				<cbc:CityName>Anytown</cbc:CityName>
				<cbc:PostalZone>101</cbc:PostalZone>
				<cbc:CountrySubentity>RegionB</cbc:CountrySubentity>
				<cac:Country>
					<cbc:IdentificationCode listID="ISO3166-1:Alpha2">NO</cbc:IdentificationCode>
				</cac:Country>
			</cac:PostalAddress>
			<cac:PartyTaxScheme>
				<cbc:CompanyID schemeID="NO:VAT">987654321MVA</cbc:CompanyID>
				<cac:TaxScheme>
					<cbc:ID>VAT</cbc:ID>
				</cac:TaxScheme>
			</cac:PartyTaxScheme>
			<cac:Contact>
				<cbc:Name>John Doe</cbc:Name>
				<cbc:Telephone>5121230</cbc:Telephone>
				<cbc:Telefax>5121231</cbc:Telefax>
				<cbc:ElectronicMail>john@buyercompany.no</cbc:ElectronicMail>
			</cac:Contact>
		</cac:Party>
	</cac:AccountingCustomerParty>
	<cac:PaymentMeans>
		<cbc:PaymentMeansCode listID="UNCL4461">42
</cbc:PaymentMeansCode>
		<cbc:PaymentDueDate>2013-06-30</cbc:PaymentDueDate>
		<cac:PayeeFinancialAccount>
			<cbc:ID schemeID="IBAN">DK1212341234123412</cbc:ID>
			<cac:FinancialInstitutionBranch>
				<cac:FinancialInstitution>
					<cbc:ID schemeID="BIC">DKXDABCD</cbc:ID>
				</cac:FinancialInstitution>
			</cac:FinancialInstitutionBranch>
		</cac:PayeeFinancialAccount>
	</cac:PaymentMeans>
	<cac:TaxTotal>
		<cbc:TaxAmount currencyID="DKK">0</cbc:TaxAmount>
		<cac:TaxSubtotal>
			<cbc:TaxableAmount currencyID="DKK">1500.00</cbc:TaxableAmount>
			<cbc:TaxAmount currencyID="DKK">0</cbc:TaxAmount>
			<cac:TaxCategory>
				<cbc:ID schemeID="UNCL5305">AE</cbc:ID>
				<cbc:Percent>0</cbc:Percent>
				<cbc:TaxExemptionReason>Reverse charge</cbc:TaxExemptionReason>
				<cac:TaxScheme>
					<cbc:ID>VAT</cbc:ID>
				</cac:TaxScheme>
			</cac:TaxCategory>
		</cac:TaxSubtotal>
	</cac:TaxTotal>
	<cac:LegalMonetaryTotal>
		<cbc:LineExtensionAmount currencyID="DKK">1500.00</cbc:LineExtensionAmount>
		<cbc:TaxExclusiveAmount currencyID="DKK">1500.00</cbc:TaxExclusiveAmount>
		<cbc:TaxInclusiveAmount currencyID="DKK">1500.00</cbc:TaxInclusiveAmount>
		<cbc:PayableAmount currencyID="DKK">1500.00</cbc:PayableAmount>
	</cac:LegalMonetaryTotal>
	<cac:InvoiceLine>
		<cbc:ID>1</cbc:ID>
		<cbc:InvoicedQuantity unitCode="C62" unitCodeListID="UNECERec20">1000</cbc:InvoicedQuantity>
		<cbc:LineExtensionAmount currencyID="DKK">1000.00</cbc:LineExtensionAmount>
		<cac:OrderLineReference>
			<cbc:LineID>1</cbc:LineID>
		</cac:OrderLineReference>
		<cac:Item>
			<cbc:Description>Printing paper, 2mm</cbc:Description>
			<cbc:Name>Printing paper</cbc:Name>
			<cac:SellersItemIdentification>
				<cbc:ID>JB007</cbc:ID>
			</cac:SellersItemIdentification>
			<cac:ClassifiedTaxCategory>
				<cbc:ID schemeID="UNCL5305">AE</cbc:ID>
				<cac:TaxScheme>
					<cbc:ID>VAT</cbc:ID>
				</cac:TaxScheme>
			</cac:ClassifiedTaxCategory>
		</cac:Item>
		<cac:Price>
			<cbc:PriceAmount currencyID="DKK">1.00</cbc:PriceAmount>
		</cac:Price>
	</cac:InvoiceLine>
	<cac:InvoiceLine>
		<cbc:ID>2</cbc:ID>
		<cbc:InvoicedQuantity unitCode="C62" unitCodeListID="UNECERec20">100</cbc:InvoicedQuantity>
		<cbc:LineExtensionAmount currencyID="DKK">500.00</cbc:LineExtensionAmount>
		<cac:OrderLineReference>
			<cbc:LineID>2</cbc:LineID>
		</cac:OrderLineReference>
		<cac:Item>
			<cbc:Description>Parker Pen, Black, model Sansa</cbc:Description>
			<cbc:Name>Parker Pen</cbc:Name>
			<cac:SellersItemIdentification>
				<cbc:ID>JB008</cbc:ID>
			</cac:SellersItemIdentification>
			<cac:ClassifiedTaxCategory>
				<cbc:ID schemeID="UNCL5305">AE</cbc:ID>
				<cac:TaxScheme>
					<cbc:ID>VAT</cbc:ID>
				</cac:TaxScheme>
			</cac:ClassifiedTaxCategory>
		</cac:Item>
		<cac:Price>
			<cbc:PriceAmount currencyID="DKK">5.00</cbc:PriceAmount>
		</cac:Price>
	</cac:InvoiceLine>
</Invoice>
