<?xml version="1.0" encoding="UTF-8"?>
<Invoice xmlns="urn:oasis:names:specification:ubl:schema:xsd:Invoice-2" xmlns:cac="urn:oasis:names:specification:ubl:schema:xsd:CommonAggregateComponents-2" xmlns:cbc="urn:oasis:names:specification:ubl:schema:xsd:CommonBasicComponents-2" xmlns:ccts="urn:un:unece:uncefact:documentation:2" xmlns:qdt="urn:oasis:names:specification:ubl:schema:xsd:QualifiedDatatypes-2" xmlns:udt="urn:un:unece:uncefact:data:specification:UnqualifiedDataTypesSchemaModule:2">
	<cbc:UBLVersionID>2.1</cbc:UBLVersionID>
	<cbc:CustomizationID>urn:www.cenbii.eu:transaction:biitrns010:ver2.0:extended:urn:www.peppol.eu:bis:peppol4a:ver2.0</cbc:CustomizationID>
	<cbc:ProfileID>urn:www.cenbii.eu:profile:bii04:ver2.0</cbc:ProfileID>
	<cbc:ID>TOSL108</cbc:ID>
	<cbc:IssueDate>2013-04-10</cbc:IssueDate>
	<cbc:InvoiceTypeCode listID="UNCL1001">380</cbc:InvoiceTypeCode>
	<cbc:Note>Contract was established through our website</cbc:Note>
	<cbc:DocumentCurrencyCode listID="ISO4217">DKK</cbc:DocumentCurrencyCode>
	<cac:InvoicePeriod>
		<cbc:StartDate>2013-01-01</cbc:StartDate>
		<cbc:EndDate>2013-04-01</cbc:EndDate>
	</cac:InvoicePeriod>
	<cac:ContractDocumentReference>
		<cbc:ID>SUBSCR571</cbc:ID>
		<cbc:DocumentType>Contract</cbc:DocumentType>
	</cac:ContractDocumentReference>
	<cac:AccountingSupplierParty>
		<cac:Party>
			<cbc:EndpointID schemeID="GLN">5790989675432</cbc:EndpointID>
			<cac:PartyName>
				<cbc:Name>SubscriptionSeller.</cbc:Name>
			</cac:PartyName>
			<cac:PostalAddress>
				<cbc:StreetName>Main street 2, Building 4</cbc:StreetName>
				<cbc:CityName>Big city</cbc:CityName>
				<cbc:PostalZone>54321</cbc:PostalZone>
				<cac:Country>
					<cbc:IdentificationCode listID="ISO3166-1:Alpha2">DK</cbc:IdentificationCode>
				</cac:Country>
			</cac:PostalAddress>
			<cac:PartyTaxScheme>
				<cbc:CompanyID schemeID="DK:SE">DK16356706</cbc:CompanyID>
				<cac:TaxScheme>
					<cbc:ID>VAT</cbc:ID>
				</cac:TaxScheme>
			</cac:PartyTaxScheme>
			<cac:PartyLegalEntity>
				<cbc:CompanyID schemeID="DK:CVR">DK16356706</cbc:CompanyID>
			</cac:PartyLegalEntity>
			<cac:Contact>
				<cbc:ElectronicMail>antonio@SubscriptionsSeller.dk</cbc:ElectronicMail>
			</cac:Contact>
		</cac:Party>
	</cac:AccountingSupplierParty>
	<cac:AccountingCustomerParty>
		<cac:Party>
			<cbc:EndpointID schemeID="GLN">5790000435975</cbc:EndpointID>
			<cac:PartyName>
				<cbc:Name>Buyercompany ltd</cbc:Name>
			</cac:PartyName>
			<cac:PostalAddress>
				<cbc:StreetName>Anystreet, Building 1</cbc:StreetName>
				<cbc:CityName>Anytown</cbc:CityName>
				<cbc:PostalZone>101</cbc:PostalZone>
				<cac:Country>
					<cbc:IdentificationCode listID="ISO3166-1:Alpha2">DK</cbc:IdentificationCode>
				</cac:Country>
			</cac:PostalAddress>
		</cac:Party>
	</cac:AccountingCustomerParty>
	<cac:PaymentMeans>
		<cbc:PaymentMeansCode listID="UNCL4461">42</cbc:PaymentMeansCode>
		<cbc:PaymentDueDate>2013-05-10</cbc:PaymentDueDate>
		<cbc:PaymentID>Payref1</cbc:PaymentID>
		<cac:PayeeFinancialAccount>
			<cbc:ID schemeID="LOCAL">DK1212341234123412</cbc:ID>
		</cac:PayeeFinancialAccount>
	</cac:PaymentMeans>
	<cac:AllowanceCharge>
		<cbc:ChargeIndicator>true</cbc:ChargeIndicator>
		<cbc:AllowanceChargeReasonCode listID="UNCL4465">94</cbc:AllowanceChargeReasonCode>
		<cbc:AllowanceChargeReason>Freight charge</cbc:AllowanceChargeReason>
		<cbc:Amount currencyID="DKK">100.00</cbc:Amount>
		<cac:TaxCategory>
			<cbc:ID schemeID="UNCL5305">S</cbc:ID>
			<cbc:Percent>25</cbc:Percent>
			<cac:TaxScheme>
				<cbc:ID>VAT</cbc:ID>
			</cac:TaxScheme>
		</cac:TaxCategory>
	</cac:AllowanceCharge>
	<cac:TaxTotal>
		<cbc:TaxAmount currencyID="DKK">225.00</cbc:TaxAmount>
		<cac:TaxSubtotal>
			<cbc:TaxableAmount currencyID="DKK">900.00</cbc:TaxableAmount>
			<cbc:TaxAmount currencyID="DKK">225.00</cbc:TaxAmount>
			<cac:TaxCategory>
				<cbc:ID schemeID="UNCL5305">S</cbc:ID>
				<cbc:Percent>25</cbc:Percent>
				<cac:TaxScheme>
					<cbc:ID>VAT</cbc:ID>
				</cac:TaxScheme>
			</cac:TaxCategory>
		</cac:TaxSubtotal>
	</cac:TaxTotal>
	<cac:LegalMonetaryTotal>
		<cbc:LineExtensionAmount currencyID="DKK">800.00</cbc:LineExtensionAmount>
		<cbc:TaxExclusiveAmount currencyID="DKK">900.00</cbc:TaxExclusiveAmount>
		<cbc:TaxInclusiveAmount currencyID="DKK">1125.00</cbc:TaxInclusiveAmount>
		<cbc:ChargeTotalAmount currencyID="DKK">100.00</cbc:ChargeTotalAmount>
		<cbc:PayableAmount currencyID="DKK">1125.00</cbc:PayableAmount>
	</cac:LegalMonetaryTotal>
	<cac:InvoiceLine>
		<cbc:ID>1</cbc:ID>
		<cbc:InvoicedQuantity unitCode="C62" unitCodeListID="UNECERec20">1</cbc:InvoicedQuantity>
		<cbc:LineExtensionAmount currencyID="DKK">800.00</cbc:LineExtensionAmount>
		<cac:Item>
			<cbc:Description>Paper Subscription fee 1st quarter</cbc:Description>
			<cbc:Name>Paper Subscription</cbc:Name>
			<cac:ClassifiedTaxCategory>
				<cbc:ID schemeID="UNCL5305">S</cbc:ID>
				<cbc:Percent>25</cbc:Percent>
				<cac:TaxScheme>
					<cbc:ID>VAT</cbc:ID>
				</cac:TaxScheme>
			</cac:ClassifiedTaxCategory>
		</cac:Item>
		<cac:Price>
			<cbc:PriceAmount currencyID="DKK">800.00</cbc:PriceAmount>
		</cac:Price>
	</cac:InvoiceLine>
</Invoice>
