<?xml version="1.0" encoding="UTF-8"?>
<ApplicationResponse xmlns="urn:oasis:names:specification:ubl:schema:xsd:ApplicationResponse-2"
                     xmlns:cac="urn:oasis:names:specification:ubl:schema:xsd:CommonAggregateComponents-2"
                     xmlns:cbc="urn:oasis:names:specification:ubl:schema:xsd:CommonBasicComponents-2">
    <cbc:UBLVersionID>2.1</cbc:UBLVersionID>
    <cbc:CustomizationID schemeID="PEPPOL">urn:www.cenbii.eu:transaction:biitrns071:ver2.0:extended:urn:www.peppol.eu:bis:peppol36a:ver2.0</cbc:CustomizationID>
    <cbc:ProfileID>urn:www.cenbii.eu:profile:bii36a:ver2.0</cbc:ProfileID>
    <cbc:ID>TheMLR-ID123</cbc:ID>
    <cbc:IssueDate>2016-08-15</cbc:IssueDate>
    <cac:SenderParty>
        <cbc:EndpointID schemeID="NO:ORGNR">981915550</cbc:EndpointID>
    </cac:SenderParty>    
    <cac:ReceiverParty>
        <cbc:EndpointID schemeID="GLN">7315458756324</cbc:EndpointID>
    </cac:ReceiverParty>
    <cac:DocumentResponse>
        <cac:Response>
            <!-- Was the document accepted (AP), rejected (RE) or achnowledged (AB) -->
            <cbc:ResponseCode listID="UNCL4343">AP</cbc:ResponseCode>
        </cac:Response>
        <cac:DocumentReference>
            <!-- The SBDH envelope ID of the source message -->
            <cbc:ID>EnvelopeID-12456789</cbc:ID>
        </cac:DocumentReference>
    </cac:DocumentResponse>
</ApplicationResponse>
