<?xml version="1.0" encoding="UTF-8"?>
<vcd:VCD xmlns:peppol="http://m2n.at/2009/05/peppol/"
	xmlns:cac="urn:peppol:wp2:schema:xsd:CommonAggregateComponents-2"
	xmlns:cbc="urn:peppol:wp2:schema:xsd:CommonBasicComponents-2"
	xmlns:cec="urn:oasis:names:specification:ubl:schema:xsd:CommonExtensionComponents-2"
	xmlns:clm54217="urn:un:unece:uncefact:codelist:specification:54217:2001"
	xmlns:clm66411="urn:un:unece:uncefact:codelist:specification:66411:2001"
	xmlns:clmIANAMIMEMediaType="urn:un:unece:uncefact:codelist:specification:IANAMIMEMediaType:2003"
	xmlns:udt="urn:un:unece:uncefact:data:specification:UnqualifiedDataTypesSchemaModule:2"
	xmlns:vcd="urn:peppol:wp2:schema:xsd:VirtualCompanyDossier-1"
	xmlns:xsi="http://www.w3.org/2001/XMLSchema-instance"
	xsi:schemaLocation="urn:peppol:wp2:schema:xsd:VirtualCompanyDossier-1 ../../../vcd_schema/xsd/maindoc/WP2-VirtualCompanyDossier-1.xsd ">

	<cbc:UUID>a71ac10b-58cc-4372-a567-0e02b2b9d974</cbc:UUID>
	<cbc:OntologyDomainCode>http://m2n.at/2009/05/peppol/Country583c10bfdbd326ba%3A173f24f5%3A124c372bee6%3A-6d3c</cbc:OntologyDomainCode>
	<cbc:OntologyVersionID>1.0</cbc:OntologyVersionID>
	<cbc:CompilationDate>2010-07-10</cbc:CompilationDate>
	<cbc:CompilationTime>12:00:00</cbc:CompilationTime>

	
	
	
	<cac:RequesterParty>
		<cbc:EndpointID>www.m2n.at</cbc:EndpointID>
		<cac:PartyName>
			<cbc:Name>M2N Consulting GmbH</cbc:Name>
		</cac:PartyName>
		<cac:Person>
			<cbc:FirstName>Doris</cbc:FirstName>
			<cbc:FamilyName>Ipsmiller</cbc:FamilyName>
		</cac:Person>
	</cac:RequesterParty>

	
	
	
	
	
    <cac:VCDIssuingService>
      <!--  inhalt kommt statisch via TransformerSupport oder ähnliches  -->
		<cbc:EndpointID>VCDIssuingServiceEndpointID</cbc:EndpointID>
		<cbc:Name>VCDIssuing Service Name</cbc:Name>
		<cac:ProvidingParty>
			<cbc:EndpointID>www.vcdissuingservice.de/providingParty</cbc:EndpointID>
			<cac:PartyIdentification>
				<cbc:ID>PartyIdentificationID1</cbc:ID>
			</cac:PartyIdentification>
			<cac:PartyIdentification>
				<cbc:ID>PartyIdentificationID2</cbc:ID>
			</cac:PartyIdentification>
			<cac:PartyIdentification>
				<cbc:ID>PartyIdentificationID3</cbc:ID>
			</cac:PartyIdentification>
			<cac:PartyName>
				<cbc:Name>VCDIssuing Service Provider Name 1</cbc:Name>
			</cac:PartyName>
			<cac:PartyName>
				<cbc:Name>VCDIssuing Service Provider Name 2</cbc:Name>
			</cac:PartyName>
			<cac:PartyName>
				<cbc:Name>VCDIssuing Service Provider Name 3</cbc:Name>
			</cac:PartyName>
			<cac:PartyName>
				<cbc:Name>VCDIssuing Service Provider Name 4</cbc:Name>
			</cac:PartyName>
			<cac:Person>
				<cbc:FirstName>Max</cbc:FirstName>
				<cbc:MiddleName>F.</cbc:MiddleName>
				<cbc:FamilyName>Mustermann</cbc:FamilyName>
				<cbc:JobTitle>Sachbearbeiter</cbc:JobTitle>
			</cac:Person>		
		</cac:ProvidingParty>
		<cac:PolicyNonEvidence>
			<cbc:DocumentGroupID>DocumentGroupID</cbc:DocumentGroupID>
			<cbc:Title>Policy Title</cbc:Title>
			<cac:DocumentReference>
				<cbc:ID>vcdpolicyDoc_123456</cbc:ID>
				<cbc:IssueDate>2010-07-07</cbc:IssueDate>
				<cbc:IssueTime>11:00:00</cbc:IssueTime>
				<cbc:DocumentTypeCode>application/pdf</cbc:DocumentTypeCode>
				<cbc:DocumentType>PDF Document</cbc:DocumentType>
				<cac:Language>
					<cbc:Name>German</cbc:Name>
					<cbc:LocaleCode>de</cbc:LocaleCode>
				</cac:Language>

				<cac:Attachment>
					<cac:ExternalReference>
						<cbc:URI>eu:peppol:vcd:a71ac10b-58cc-4372-a567-0e02b2b9d974:VCDPolicyDocumentSample1.pdf</cbc:URI>
						<cbc:DocumentHash>DocumentHash</cbc:DocumentHash>
						<cbc:HashAlgorithmMethod>HashAlgorithmMethod</cbc:HashAlgorithmMethod>
						<cbc:ExpiryDate>2021-01-01</cbc:ExpiryDate>
						<cbc:ExpiryTime>00:00:00</cbc:ExpiryTime>
						<cbc:MimeCode>MimeCode</cbc:MimeCode>
						<cbc:FormatCode>FormatCode</cbc:FormatCode>
						<cbc:EncodingCode>EncodingCode</cbc:EncodingCode>
						<cbc:CharacterSetCode>CharacterSetCode</cbc:CharacterSetCode>
						<cbc:FileName>VCDPolicyDocumentSample1.pdf</cbc:FileName>
					</cac:ExternalReference>
				</cac:Attachment>
				
				<cac:ResultOfVerification>
					<cbc:ValidatorID>ValidatorID</cbc:ValidatorID>
					<cbc:ValidateResultCode>ValidateResultCode</cbc:ValidateResultCode>
					<cbc:ValidationDate>ValidationDate</cbc:ValidationDate>
					<cbc:ValidationTime>ValidationTime</cbc:ValidationTime>
					<cbc:ValidateProcess>ValidateProcess</cbc:ValidateProcess>
					<cbc:ValidateTool>ValidateTool</cbc:ValidateTool>
					<cbc:ValidateToolVersion>ValidateToolVersion</cbc:ValidateToolVersion>
					<cac:SignatoryParty>
						<cbc:EndpointID>www.SignatoryParty.de</cbc:EndpointID>
						<cac:PartyIdentification>
							<cbc:ID>PartyIdentificationID1</cbc:ID>
						</cac:PartyIdentification>
						<cac:PartyIdentification>
							<cbc:ID>PartyIdentificationID2</cbc:ID>
						</cac:PartyIdentification>
						<cac:PartyIdentification>
							<cbc:ID>PartyIdentificationID3</cbc:ID>
						</cac:PartyIdentification>
						<cac:PartyName>
							<cbc:Name>Signatory Party Name 1</cbc:Name>
						</cac:PartyName>
						<cac:PartyName>
							<cbc:Name>Signatory Party Name 2</cbc:Name>
						</cac:PartyName>
						<cac:PartyName>
							<cbc:Name>Signatory Party Name 3</cbc:Name>
						</cac:PartyName>
						<cac:Person>
							<cbc:FirstName>Max</cbc:FirstName>
							<cbc:MiddleName>F.</cbc:MiddleName>
							<cbc:FamilyName>Mustermann</cbc:FamilyName>
							<cbc:JobTitle>Sachbearbeiter</cbc:JobTitle>
						</cac:Person>		
					</cac:SignatoryParty>
				</cac:ResultOfVerification>
				
				<cac:IssuerParty>
					<cbc:EndpointID>www.policyissuer.de</cbc:EndpointID>
					<cac:PartyIdentification>
						<cbc:ID>PartyIdentificationID1</cbc:ID>
					</cac:PartyIdentification>
					<cac:PartyIdentification>
						<cbc:ID>PartyIdentificationID2</cbc:ID>
					</cac:PartyIdentification>
					<cac:PartyIdentification>
						<cbc:ID>PartyIdentificationID3</cbc:ID>
					</cac:PartyIdentification>
					<cac:PartyName>
						<cbc:Name>Policy Issuing Service Provider Name 1</cbc:Name>
					</cac:PartyName>
					<cac:PartyName>
						<cbc:Name>Policy Issuing Service Provider Name 2</cbc:Name>
					</cac:PartyName>
					<cac:PartyName>
						<cbc:Name>Policy Issuing Service Provider Name 3</cbc:Name>
					</cac:PartyName>
					<cac:Person>
						<cbc:FirstName>Max</cbc:FirstName>
						<cbc:MiddleName>F.</cbc:MiddleName>
						<cbc:FamilyName>Mustermann</cbc:FamilyName>
						<cbc:JobTitle>Sachbearbeiter</cbc:JobTitle>
					</cac:Person>		
				</cac:IssuerParty>
			</cac:DocumentReference>			
			<cac:DocumentReference>
				<cbc:ID>vcdpolicyDoc_222222</cbc:ID>
				<cbc:IssueDate>2010-01-07</cbc:IssueDate>
				<cbc:IssueTime>16:12:00</cbc:IssueTime>
				<cbc:DocumentTypeCode>application/pdf</cbc:DocumentTypeCode>
				<cbc:DocumentType>PDF Document</cbc:DocumentType>
				<cac:Language>
					<cbc:Name>German</cbc:Name>
					<cbc:LocaleCode>de</cbc:LocaleCode>
				</cac:Language>

				<cac:Attachment>
					<cac:ExternalReference>
						<cbc:URI>eu:peppol:vcd:a71ac10b-58cc-4372-a567-0e02b2b9d974:VCDPolicyDocumentSample2.pdf</cbc:URI>
						<cbc:DocumentHash>DocumentHash</cbc:DocumentHash>
						<cbc:HashAlgorithmMethod>HashAlgorithmMethod</cbc:HashAlgorithmMethod>
						<cbc:ExpiryDate>2021-01-01</cbc:ExpiryDate>
						<cbc:ExpiryTime>00:00:00</cbc:ExpiryTime>
						<cbc:MimeCode>MimeCode</cbc:MimeCode>
						<cbc:FormatCode>FormatCode</cbc:FormatCode>
						<cbc:EncodingCode>EncodingCode</cbc:EncodingCode>
						<cbc:CharacterSetCode>CharacterSetCode</cbc:CharacterSetCode>
						<cbc:FileName>VCDPolicyDocumentSample2.pdf</cbc:FileName>
					</cac:ExternalReference>
				</cac:Attachment>
				
				<cac:ResultOfVerification>
					<cbc:ValidatorID>ValidatorID</cbc:ValidatorID>
					<cbc:ValidateResultCode>ValidateResultCode</cbc:ValidateResultCode>
					<cbc:ValidationDate>ValidationDate</cbc:ValidationDate>
					<cbc:ValidationTime>ValidationTime</cbc:ValidationTime>
					<cbc:ValidateProcess>ValidateProcess</cbc:ValidateProcess>
					<cbc:ValidateTool>ValidateTool</cbc:ValidateTool>
					<cbc:ValidateToolVersion>ValidateToolVersion</cbc:ValidateToolVersion>
					<cac:SignatoryParty>
						<cbc:EndpointID>www.SignatoryParty.de</cbc:EndpointID>
						<cac:PartyIdentification>
							<cbc:ID>PartyIdentificationID1</cbc:ID>
						</cac:PartyIdentification>
						<cac:PartyIdentification>
							<cbc:ID>PartyIdentificationID2</cbc:ID>
						</cac:PartyIdentification>
						<cac:PartyIdentification>
							<cbc:ID>PartyIdentificationID3</cbc:ID>
						</cac:PartyIdentification>
						<cac:PartyName>
							<cbc:Name>Signatory Party Name 1</cbc:Name>
						</cac:PartyName>
						<cac:PartyName>
							<cbc:Name>Signatory Party Name 2</cbc:Name>
						</cac:PartyName>
						<cac:PartyName>
							<cbc:Name>Signatory Party Name 3</cbc:Name>
						</cac:PartyName>
						<cac:Person>
							<cbc:FirstName>Max</cbc:FirstName>
							<cbc:MiddleName>F.</cbc:MiddleName>
							<cbc:FamilyName>Mustermann</cbc:FamilyName>
							<cbc:JobTitle>Sachbearbeiter</cbc:JobTitle>
						</cac:Person>		
					</cac:SignatoryParty>
				</cac:ResultOfVerification>
				
				<cac:IssuerParty>
					<cbc:EndpointID>www.policyissuer.de</cbc:EndpointID>
					<cac:PartyIdentification>
						<cbc:ID>PartyIdentificationID1</cbc:ID>
					</cac:PartyIdentification>
					<cac:PartyIdentification>
						<cbc:ID>PartyIdentificationID2</cbc:ID>
					</cac:PartyIdentification>
					<cac:PartyIdentification>
						<cbc:ID>PartyIdentificationID3</cbc:ID>
					</cac:PartyIdentification>
					<cac:PartyName>
						<cbc:Name>Policy Issuing Service Provider Name 1</cbc:Name>
					</cac:PartyName>
					<cac:PartyName>
						<cbc:Name>Policy Issuing Service Provider Name 2</cbc:Name>
					</cac:PartyName>
					<cac:PartyName>
						<cbc:Name>Policy Issuing Service Provider Name 3</cbc:Name>
					</cac:PartyName>
					<cac:Person>
						<cbc:FirstName>Max</cbc:FirstName>
						<cbc:MiddleName>F.</cbc:MiddleName>
						<cbc:FamilyName>Mustermann</cbc:FamilyName>
						<cbc:JobTitle>Sachbearbeiter</cbc:JobTitle>
					</cac:Person>		
				</cac:IssuerParty>
			</cac:DocumentReference>
		</cac:PolicyNonEvidence>
    </cac:VCDIssuingService>

	
	
	
	
	
	<cac:EconomicOperator>
		<!--  austria -->
		<cbc:OntologyDomainCode>http://m2n.at/2009/05/peppol/Country583c10bfdbd326ba%3A-176bf4a8%3A124c3087c4e%3A-6361</cbc:OntologyDomainCode>

		<cac:Party>
			<cbc:EndpointID>www.m2n.at</cbc:EndpointID>
			<cac:PartyIdentification>
				<cbc:ID>m2nID1</cbc:ID>
			</cac:PartyIdentification>
			<cac:PartyIdentification>
				<cbc:ID>m2nID2</cbc:ID>
			</cac:PartyIdentification>
			<cac:PartyIdentification>
				<cbc:ID>m2nID3</cbc:ID>
			</cac:PartyIdentification>
			<cac:PartyName>
				<cbc:Name>M2N Consulting and Development GmbH</cbc:Name>
			</cac:PartyName>
			<cac:PartyName>
				<cbc:Name>M2N Intelligence Management</cbc:Name>
			</cac:PartyName>
			<cac:Person>
				<cbc:FirstName>Max</cbc:FirstName>
				<cbc:MiddleName>F.</cbc:MiddleName>
				<cbc:FamilyName>Mustermann</cbc:FamilyName>
				<cbc:JobTitle>Sachbearbeiter</cbc:JobTitle>
			</cac:Person>
			<cac:PartyName>
				<cbc:Name>M2N Consulting GmbH</cbc:Name>
			</cac:PartyName>
		</cac:Party>

		<cac:Criterion>
			<cbc:ID>critM2nOverallTurnover</cbc:ID> <!-- generated id for internal reference -->
			<cbc:CriterionCode>CriterionCode</cbc:CriterionCode>
			<cbc:RequestedIndicator>true</cbc:RequestedIndicator>
			<cbc:AllEvidencesSuppliedIndicator>true</cbc:AllEvidencesSuppliedIndicator>
			<cbc:ProvenIndicator>true</cbc:ProvenIndicator>
			<cbc:ProvingEvidenceID>dg5412</cbc:ProvingEvidenceID> <!-- generated id for internal reference -->

			<!-- TODO: missing either ca-national or t-national regulation! -->
			<cac:EuropeanRegulation>
				<cbc:Name>Undertaking's overall turnover</cbc:Name>
				<cbc:LegalReference>Art. 52, 5f</cbc:LegalReference>
				<cbc:OntologyURI>http://m2n.at/2009/05/peppol/EUCriterion583c10bfdbd326ba%3A-2304bccb%3A124d7bae861%3A-5d0d</cbc:OntologyURI>
			</cac:EuropeanRegulation>

			<cac:EconomicOperatorNationalRegulation>
				<cbc:Name>Overall Turnover</cbc:Name>
				<cbc:LegalReference>§17/5f</cbc:LegalReference>
				<cbc:OntologyURI>http://m2n.at/2009/05/peppol/NationalAtomicCriterion583c10bfdbd326ba%3A68dd900%3A1258c6b552c%3A-4631     </cbc:OntologyURI>
			</cac:EconomicOperatorNationalRegulation>

			<cac:ContractingAuthorityNationalRegulation>
				<cbc:Name>Turnover</cbc:Name>
				<cbc:LegalReference>§23/4a</cbc:LegalReference>
				<cbc:OntologyURI>http://m2n.at/2009/05/peppol/NationalAtomicCriterion583c10bfdbd326ba%3A1d286b4f%3A1260cd2e0f0%3A-218a     </cbc:OntologyURI>
			</cac:ContractingAuthorityNationalRegulation>
		</cac:Criterion>
		
		<cac:DescriptiveNonEvidence>
			<cbc:DocumentGroupID>DocumentGroupID</cbc:DocumentGroupID>
			<cbc:Title>M2N Company Profile</cbc:Title>
			<cac:DocumentReference>
				<cbc:ID>d11111</cbc:ID>
				<cbc:IssueDate>2010-07-27</cbc:IssueDate>
				<cbc:IssueTime>10:00:00</cbc:IssueTime>
				<cbc:DocumentTypeCode>application/pdf</cbc:DocumentTypeCode>
				<cbc:DocumentType>PDF Document</cbc:DocumentType>
				<cac:Language>
					<cbc:Name>German</cbc:Name>
					<cbc:LocaleCode>de</cbc:LocaleCode>
				</cac:Language>

				<cac:Attachment>
					<cac:ExternalReference>
						<cbc:URI>eu:peppol:vcd:a71ac10b-58cc-4372-a567-0e02b2b9d974:m2nDescriptiveNonEvidence.pdf</cbc:URI>
						<cbc:DocumentHash>DocumentHash</cbc:DocumentHash>
						<cbc:HashAlgorithmMethod>HashAlgorithmMethod</cbc:HashAlgorithmMethod>
						<cbc:MimeCode>MimeCode</cbc:MimeCode>
						<cbc:FormatCode>FormatCode</cbc:FormatCode>
						<cbc:EncodingCode>EncodingCode</cbc:EncodingCode>
						<cbc:CharacterSetCode>CharacterSetCode</cbc:CharacterSetCode>
						<cbc:FileName>m2nDescriptiveNonEvidence.pdf</cbc:FileName>
					</cac:ExternalReference>
				</cac:Attachment>
				<cac:ResultOfVerification/>
				<cac:IssuerParty/>
			</cac:DocumentReference>			
		</cac:DescriptiveNonEvidence>
	</cac:EconomicOperator>

	
	
	
	
	
	<cac:RelevantVCDPerson>
		<cbc:ID>http://m2n.at/info/team/DorisIpsmiller</cbc:ID>
		<cbc:BirthDate>BirthDate</cbc:BirthDate>
		<cbc:PlaceOfBirth>PlaceOfBirth</cbc:PlaceOfBirth>
		<cbc:Nationality>Nationality</cbc:Nationality>
		<cbc:Profession>Profession</cbc:Profession>

		<cac:Criterion>
			<cbc:ID>critIpsmillerCriminalOrganization</cbc:ID>
			<cbc:CriterionCode>CriterionCode</cbc:CriterionCode>
			<cbc:RequestedIndicator>true</cbc:RequestedIndicator>
			<cbc:AllEvidencesSuppliedIndicator>true</cbc:AllEvidencesSuppliedIndicator>
			<cbc:ProvenIndicator>true</cbc:ProvenIndicator>
			<cbc:ProvingEvidenceID>dgt51asd</cbc:ProvingEvidenceID>

			<cac:EuropeanRegulation>
				<cbc:Name>Membership in a criminal organization</cbc:Name>
				<cbc:LegalReference>Art. 45 (1a)</cbc:LegalReference>
				<cbc:OntologyURI>http://m2n.at/2009/05/peppol/examples/criteria/EU/45-1-a</cbc:OntologyURI>
			</cac:EuropeanRegulation>

			<cac:EconomicOperatorNationalRegulation>
				<cbc:Name>Membership in a criminal organization</cbc:Name>
				<cbc:LegalReference>§23/2</cbc:LegalReference>
				<cbc:OntologyURI>http://m2n.at/2009/05/peppol/NationalAtomicCriterion583c10bfdbd326ba%3A5c8a85fc%3A12543c6c7fc%3A-369e</cbc:OntologyURI>
			</cac:EconomicOperatorNationalRegulation>

			<cac:ContractingAuthorityNationalRegulation>
				<cbc:Name>Membership in a criminal organization</cbc:Name>
				<cbc:LegalReference>§68 Abs. 1 (1) 1</cbc:LegalReference>
				<cbc:OntologyURI>http://m2n.at/2009/05/peppol/examples/criteria/AT/68-1-1-1</cbc:OntologyURI>
			</cac:ContractingAuthorityNationalRegulation>
		</cac:Criterion>

		<cac:Person>
			<cbc:FirstName>Doris</cbc:FirstName>
			<cbc:FamilyName>Ipsmiller</cbc:FamilyName>
			<cbc:JobTitle>JobTitle</cbc:JobTitle>
		</cac:Person>
		
		<cac:ResidenceAddress>
			<cbc:CityName>CityName</cbc:CityName>
			<cbc:PostalZone>PostalZone</cbc:PostalZone>
			<cbc:CountrySubentity>CountrySubentity</cbc:CountrySubentity>
			<cbc:CountrySubentityCode>CountrySubentityCode</cbc:CountrySubentityCode>
			<cac:AddressLine>
				<cbc:Line>AddressLine</cbc:Line>
			</cac:AddressLine>
			<cac:Country>
				<cbc:IdentificationCode>IdentificationCode</cbc:IdentificationCode>
				<cbc:Name>Name</cbc:Name>
			</cac:Country>
		</cac:ResidenceAddress>
		
	</cac:RelevantVCDPerson>

	
	
	
	
	
	<cac:Evidence>
		<cbc:MaturityLevelCode>MaturityLevelCode</cbc:MaturityLevelCode>
		<cbc:DocumentGroupID>dg5412</cbc:DocumentGroupID>
		<cbc:Title>Bilanzauszug</cbc:Title>
		<cbc:ProvesCriterionID>critM2nOverallTurnover</cbc:ProvesCriterionID>

		<cac:OntologyDefinitionRegulation>
			<cbc:Name>OntologyDefinitionRegulationName</cbc:Name>
			<cbc:LegalReference>LegalReference</cbc:LegalReference>
			<cbc:OntologyURI>http://m2n.at/2009/05/peppol/EvidenceIssuedByTenderer583c10bfdbd326ba%3A68dd900%3A1258c6b552c%3A-4502</cbc:OntologyURI>
		</cac:OntologyDefinitionRegulation>

		<cac:DocumentReference>
			<cbc:ID>dg5412_1</cbc:ID>
			<cbc:IssueDate>2010-07-27</cbc:IssueDate>
			<cbc:IssueTime>10:00:00</cbc:IssueTime>
			<cbc:DocumentTypeCode>application/pdf</cbc:DocumentTypeCode>
			<cbc:DocumentType>PDF Document</cbc:DocumentType>
			<cac:Language>
				<cbc:Name>German</cbc:Name>
				<cbc:LocaleCode>de</cbc:LocaleCode>
			</cac:Language>

			<cac:Attachment>
				<cac:ExternalReference>
					<cbc:URI>eu:peppol:vcd:a71ac10b-58cc-4372-a567-0e02b2b9d974:Bilanzauszug.pdf</cbc:URI>
					<cbc:DocumentHash>DocumentHash</cbc:DocumentHash>
					<cbc:HashAlgorithmMethod>HashAlgorithmMethod</cbc:HashAlgorithmMethod>
					<cbc:ExpiryDate>2021-01-01</cbc:ExpiryDate>
					<cbc:ExpiryTime>00:00:00</cbc:ExpiryTime>
					<cbc:MimeCode>MimeCode</cbc:MimeCode>
					<cbc:FormatCode>FormatCode</cbc:FormatCode>
					<cbc:EncodingCode>EncodingCode</cbc:EncodingCode>
					<cbc:CharacterSetCode>CharacterSetCode</cbc:CharacterSetCode>
					<cbc:FileName>Bilanzauszug.pdf</cbc:FileName>
				</cac:ExternalReference>
			</cac:Attachment>
			<cac:ResultOfVerification>
				<cbc:ValidatorID>ValidatorID</cbc:ValidatorID>
				<cbc:ValidateResultCode>ValidateResultCode</cbc:ValidateResultCode>
				<cbc:ValidationDate>ValidationDate</cbc:ValidationDate>
				<cbc:ValidationTime>ValidationTime</cbc:ValidationTime>
				<cbc:ValidateProcess>ValidateProcess</cbc:ValidateProcess>
				<cbc:ValidateTool>ValidateTool</cbc:ValidateTool>
				<cbc:ValidateToolVersion>ValidateToolVersion</cbc:ValidateToolVersion>
				<cac:SignatoryParty>
					<cbc:EndpointID>www.SignatoryParty.de</cbc:EndpointID>
					<cac:PartyIdentification>
						<cbc:ID>PartyIdentificationID1</cbc:ID>
					</cac:PartyIdentification>
					<cac:PartyIdentification>
						<cbc:ID>PartyIdentificationID2</cbc:ID>
					</cac:PartyIdentification>
					<cac:PartyIdentification>
						<cbc:ID>PartyIdentificationID3</cbc:ID>
					</cac:PartyIdentification>
					<cac:PartyName>
						<cbc:Name>Signatory Party Name 1</cbc:Name>
					</cac:PartyName>
					<cac:PartyName>
						<cbc:Name>Signatory Party Name 2</cbc:Name>
					</cac:PartyName>
					<cac:PartyName>
						<cbc:Name>Signatory Party Name 3</cbc:Name>
					</cac:PartyName>
					<cac:Person>
						<cbc:FirstName>Max</cbc:FirstName>
						<cbc:MiddleName>F.</cbc:MiddleName>
						<cbc:FamilyName>Mustermann</cbc:FamilyName>
						<cbc:JobTitle>Sachbearbeiter</cbc:JobTitle>
					</cac:Person>		
				</cac:SignatoryParty>
			</cac:ResultOfVerification>
			
			<cac:IssuerParty>
				<cbc:EndpointID>www.evidenceissuer.de</cbc:EndpointID>
				<cac:PartyIdentification>
					<cbc:ID>PartyIdentificationID1</cbc:ID>
				</cac:PartyIdentification>
				<cac:PartyIdentification>
					<cbc:ID>PartyIdentificationID2</cbc:ID>
				</cac:PartyIdentification>
				<cac:PartyIdentification>
					<cbc:ID>PartyIdentificationID3</cbc:ID>
				</cac:PartyIdentification>
				<cac:PartyName>
					<cbc:Name>Evidence Issuing Service Provider Name 1</cbc:Name>
				</cac:PartyName>
				<cac:PartyName>
					<cbc:Name>Evidence Issuing Service Provider Name 2</cbc:Name>
				</cac:PartyName>
				<cac:PartyName>
					<cbc:Name>Evidence Issuing Service Provider Name 3</cbc:Name>
				</cac:PartyName>
				<cac:Person>
					<cbc:FirstName>Max</cbc:FirstName>
					<cbc:MiddleName>F.</cbc:MiddleName>
					<cbc:FamilyName>Mustermann</cbc:FamilyName>
					<cbc:JobTitle>Sachbearbeiter</cbc:JobTitle>
				</cac:Person>		
			</cac:IssuerParty>
		</cac:DocumentReference>

		<cac:DocumentReference>
			<cbc:ID>dg5412_2</cbc:ID>
			<cbc:IssueDate>2010-07-27</cbc:IssueDate>
			<cbc:IssueTime>10:00:00</cbc:IssueTime>
			<cbc:DocumentTypeCode>application/pdf</cbc:DocumentTypeCode>
			<cbc:DocumentType>PDF Document</cbc:DocumentType>
			<cac:Language>
				<cbc:Name>English</cbc:Name>
				<cbc:LocaleCode>en</cbc:LocaleCode>
			</cac:Language>

			<cac:Attachment>
				<cac:ExternalReference>
					<cbc:URI>eu:peppol:vcd:a71ac10b-58cc-4372-a567-0e02b2b9d974:TurnoverReport-Translated.pdf</cbc:URI>
					<cbc:DocumentHash>DocumentHash</cbc:DocumentHash>
					<cbc:HashAlgorithmMethod>HashAlgorithmMethod</cbc:HashAlgorithmMethod>
					<cbc:ExpiryDate>2021-01-01</cbc:ExpiryDate>
					<cbc:ExpiryTime>00:00:00</cbc:ExpiryTime>
					<cbc:MimeCode>MimeCode</cbc:MimeCode>
					<cbc:FormatCode>FormatCode</cbc:FormatCode>
					<cbc:EncodingCode>EncodingCode</cbc:EncodingCode>
					<cbc:CharacterSetCode>CharacterSetCode</cbc:CharacterSetCode>
					<cbc:FileName>TurnoverReport-Translated.pdf</cbc:FileName>
				</cac:ExternalReference>			
			</cac:Attachment>
			
			<cac:ResultOfVerification>
				<cbc:ValidatorID>ValidatorID</cbc:ValidatorID>
				<cbc:ValidateResultCode>ValidateResultCode</cbc:ValidateResultCode>
				<cbc:ValidationDate>ValidationDate</cbc:ValidationDate>
				<cbc:ValidationTime>ValidationTime</cbc:ValidationTime>
				<cbc:ValidateProcess>ValidateProcess</cbc:ValidateProcess>
				<cbc:ValidateTool>ValidateTool</cbc:ValidateTool>
				<cbc:ValidateToolVersion>ValidateToolVersion</cbc:ValidateToolVersion>
				<cac:SignatoryParty>
					<cbc:EndpointID>www.SignatoryParty.de</cbc:EndpointID>
					<cac:PartyIdentification>
						<cbc:ID>PartyIdentificationID1</cbc:ID>
					</cac:PartyIdentification>
					<cac:PartyIdentification>
						<cbc:ID>PartyIdentificationID2</cbc:ID>
					</cac:PartyIdentification>
					<cac:PartyIdentification>
						<cbc:ID>PartyIdentificationID3</cbc:ID>
					</cac:PartyIdentification>
					<cac:PartyName>
						<cbc:Name>Signatory Party Name 1</cbc:Name>
					</cac:PartyName>
					<cac:PartyName>
						<cbc:Name>Signatory Party Name 2</cbc:Name>
					</cac:PartyName>
					<cac:PartyName>
						<cbc:Name>Signatory Party Name 3</cbc:Name>
					</cac:PartyName>
					<cac:Person>
						<cbc:FirstName>Max</cbc:FirstName>
						<cbc:MiddleName>F.</cbc:MiddleName>
						<cbc:FamilyName>Mustermann</cbc:FamilyName>
						<cbc:JobTitle>Sachbearbeiter</cbc:JobTitle>
					</cac:Person>		
				</cac:SignatoryParty>
			</cac:ResultOfVerification>
			
			<cac:IssuerParty>
				<cbc:EndpointID>www.evidenceissuer.de</cbc:EndpointID>
				<cac:PartyIdentification>
					<cbc:ID>PartyIdentificationID1</cbc:ID>
				</cac:PartyIdentification>
				<cac:PartyIdentification>
					<cbc:ID>PartyIdentificationID2</cbc:ID>
				</cac:PartyIdentification>
				<cac:PartyIdentification>
					<cbc:ID>PartyIdentificationID3</cbc:ID>
				</cac:PartyIdentification>
				<cac:PartyName>
					<cbc:Name>Evidence Issuing Service Provider Name 1</cbc:Name>
				</cac:PartyName>
				<cac:PartyName>
					<cbc:Name>Evidence Issuing Service Provider Name 2</cbc:Name>
				</cac:PartyName>
				<cac:PartyName>
					<cbc:Name>Evidence Issuing Service Provider Name 3</cbc:Name>
				</cac:PartyName>
				<cac:Person>
					<cbc:FirstName>Max</cbc:FirstName>
					<cbc:MiddleName>F.</cbc:MiddleName>
					<cbc:FamilyName>Mustermann</cbc:FamilyName>
					<cbc:JobTitle>Sachbearbeiter</cbc:JobTitle>
				</cac:Person>		
			</cac:IssuerParty>
		</cac:DocumentReference>
	</cac:Evidence>

	
	
	
	
	<cac:Evidence>
		<cbc:MaturityLevelCode>MaturityLevelCode</cbc:MaturityLevelCode>
		<cbc:DocumentGroupID>dgt51asd</cbc:DocumentGroupID>
		<cbc:Title>Strafregisterauszug</cbc:Title>
		<cbc:ProvesCriterionID>critIpsmillerCriminalOrganization</cbc:ProvesCriterionID> <!-- generated id for internal reference -->

		<cac:OntologyDefinitionRegulation>
			<cbc:Name>OntologyDefinitionRegulationName</cbc:Name>
			<cbc:LegalReference>LegalReference</cbc:LegalReference>
			<cbc:OntologyURI>http://m2n.at/2009/05/peppol/EvidenceIssuedByCompetentIssuingBody583c10bfdbd326ba%3A5c8a85fc%3A12543c6c7fc%3A-3549</cbc:OntologyURI>
		</cac:OntologyDefinitionRegulation>
		
		<cac:DocumentReference>
			<cbc:ID>dgt51asd_1</cbc:ID>
			<cbc:IssueDate>2010-07-27</cbc:IssueDate>
			<cbc:IssueTime>10:00:00</cbc:IssueTime>
			<cbc:DocumentTypeCode>application/pdf</cbc:DocumentTypeCode>
			<cbc:DocumentType>PDF Document</cbc:DocumentType>
			<cac:Language>
				<cbc:Name>German</cbc:Name>
				<cbc:LocaleCode>de</cbc:LocaleCode>
			</cac:Language>
			<cac:Language>
				<cbc:Name>English</cbc:Name>
				<cbc:LocaleCode>en</cbc:LocaleCode>
			</cac:Language>

			<cac:Attachment>
				<cac:ExternalReference>
					<cbc:URI>eu:peppol:vcd:a71ac10b-58cc-4372-a567-0e02b2b9d974:Strafregisterauszug-CriminalRecordExtract-de-en.pdf</cbc:URI>
					<cbc:DocumentHash>DocumentHash</cbc:DocumentHash>
					<cbc:HashAlgorithmMethod>HashAlgorithmMethod</cbc:HashAlgorithmMethod>
					<cbc:ExpiryDate>2021-01-01</cbc:ExpiryDate>
					<cbc:ExpiryTime>00:00:00</cbc:ExpiryTime>
					<cbc:MimeCode>MimeCode</cbc:MimeCode>
					<cbc:FormatCode>FormatCode</cbc:FormatCode>
					<cbc:EncodingCode>EncodingCode</cbc:EncodingCode>
					<cbc:CharacterSetCode>CharacterSetCode</cbc:CharacterSetCode>
					<cbc:FileName>Strafregisterauszug-CriminalRecordExtract-de-en.pdf</cbc:FileName>
				</cac:ExternalReference>
			</cac:Attachment>
			
			<cac:ResultOfVerification>
				<cbc:ValidatorID>ValidatorID</cbc:ValidatorID>
				<cbc:ValidateResultCode>ValidateResultCode</cbc:ValidateResultCode>
				<cbc:ValidationDate>ValidationDate</cbc:ValidationDate>
				<cbc:ValidationTime>ValidationTime</cbc:ValidationTime>
				<cbc:ValidateProcess>ValidateProcess</cbc:ValidateProcess>
				<cbc:ValidateTool>ValidateTool</cbc:ValidateTool>
				<cbc:ValidateToolVersion>ValidateToolVersion</cbc:ValidateToolVersion>
				<cac:SignatoryParty>
					<cbc:EndpointID>www.SignatoryParty.de</cbc:EndpointID>
					<cac:PartyIdentification>
						<cbc:ID>PartyIdentificationID1</cbc:ID>
					</cac:PartyIdentification>
					<cac:PartyIdentification>
						<cbc:ID>PartyIdentificationID2</cbc:ID>
					</cac:PartyIdentification>
					<cac:PartyIdentification>
						<cbc:ID>PartyIdentificationID3</cbc:ID>
					</cac:PartyIdentification>
					<cac:PartyName>
						<cbc:Name>Signatory Party Name 1</cbc:Name>
					</cac:PartyName>
					<cac:PartyName>
						<cbc:Name>Signatory Party Name 2</cbc:Name>
					</cac:PartyName>
					<cac:PartyName>
						<cbc:Name>Signatory Party Name 3</cbc:Name>
					</cac:PartyName>
					<cac:Person>
						<cbc:FirstName>Max</cbc:FirstName>
						<cbc:MiddleName>F.</cbc:MiddleName>
						<cbc:FamilyName>Mustermann</cbc:FamilyName>
						<cbc:JobTitle>Sachbearbeiter</cbc:JobTitle>
					</cac:Person>		
				</cac:SignatoryParty>
			</cac:ResultOfVerification>
			
			<cac:IssuerParty>
				<cbc:EndpointID>www.evidenceissuer.de</cbc:EndpointID>
				<cac:PartyIdentification>
					<cbc:ID>PartyIdentificationID1</cbc:ID>
				</cac:PartyIdentification>
				<cac:PartyIdentification>
					<cbc:ID>PartyIdentificationID2</cbc:ID>
				</cac:PartyIdentification>
				<cac:PartyIdentification>
					<cbc:ID>PartyIdentificationID3</cbc:ID>
				</cac:PartyIdentification>
				<cac:PartyName>
					<cbc:Name>Evidence Issuing Service Provider Name 1</cbc:Name>
				</cac:PartyName>
				<cac:PartyName>
					<cbc:Name>Evidence Issuing Service Provider Name 2</cbc:Name>
				</cac:PartyName>
				<cac:PartyName>
					<cbc:Name>Evidence Issuing Service Provider Name 3</cbc:Name>
				</cac:PartyName>
				<cac:Person>
					<cbc:FirstName>Max</cbc:FirstName>
					<cbc:MiddleName>F.</cbc:MiddleName>
					<cbc:FamilyName>Mustermann</cbc:FamilyName>
					<cbc:JobTitle>Sachbearbeiter</cbc:JobTitle>
				</cac:Person>		
			</cac:IssuerParty>
		</cac:DocumentReference>
	</cac:Evidence>
	


	
	<cac:NonEvidence>
		<cbc:DocumentGroupID>DocumentGroupID</cbc:DocumentGroupID>
		<cbc:Title>AdditionalDocumentSample</cbc:Title>
		
		<cac:DocumentReference>
			<cbc:ID>AdditionalDoc_0909</cbc:ID>
			<cbc:IssueDate>2010-07-27</cbc:IssueDate>
			<cbc:IssueTime>10:00:00</cbc:IssueTime>
			<cbc:DocumentTypeCode>application/pdf</cbc:DocumentTypeCode>
			<cbc:DocumentType>PDF Document</cbc:DocumentType>
			<cac:Language>
				<cbc:Name>German</cbc:Name>
				<cbc:LocaleCode>de</cbc:LocaleCode>
			</cac:Language>

			<cac:Attachment>
				<cac:ExternalReference>
					<cbc:URI>eu:peppol:vcd:a71ac10b-58cc-4372-a567-0e02b2b9d974:AdditionalDocumentSample-Part-1.pdf</cbc:URI>
					<cbc:DocumentHash>DocumentHash</cbc:DocumentHash>
					<cbc:HashAlgorithmMethod>HashAlgorithmMethod</cbc:HashAlgorithmMethod>
					<cbc:ExpiryDate>2021-01-01</cbc:ExpiryDate>
					<cbc:ExpiryTime>00:00:00</cbc:ExpiryTime>
					<cbc:MimeCode>MimeCode</cbc:MimeCode>
					<cbc:FormatCode>FormatCode</cbc:FormatCode>
					<cbc:EncodingCode>EncodingCode</cbc:EncodingCode>
					<cbc:CharacterSetCode>CharacterSetCode</cbc:CharacterSetCode>
					<cbc:FileName>AdditionalDocumentSample-Part-1.pdf</cbc:FileName>
				</cac:ExternalReference>
			</cac:Attachment>
			
			<cac:ResultOfVerification>
				<cbc:ValidatorID>ValidatorID</cbc:ValidatorID>
				<cbc:ValidateResultCode>ValidateResultCode</cbc:ValidateResultCode>
				<cbc:ValidationDate>ValidationDate</cbc:ValidationDate>
				<cbc:ValidationTime>ValidationTime</cbc:ValidationTime>
				<cbc:ValidateProcess>ValidateProcess</cbc:ValidateProcess>
				<cbc:ValidateTool>ValidateTool</cbc:ValidateTool>
				<cbc:ValidateToolVersion>ValidateToolVersion</cbc:ValidateToolVersion>
				<cac:SignatoryParty>
					<cbc:EndpointID>www.SignatoryParty.de</cbc:EndpointID>
					<cac:PartyIdentification>
						<cbc:ID>PartyIdentificationID1</cbc:ID>
					</cac:PartyIdentification>
					<cac:PartyIdentification>
						<cbc:ID>PartyIdentificationID2</cbc:ID>
					</cac:PartyIdentification>
					<cac:PartyIdentification>
						<cbc:ID>PartyIdentificationID3</cbc:ID>
					</cac:PartyIdentification>
					<cac:PartyName>
						<cbc:Name>Signatory Party Name 1</cbc:Name>
					</cac:PartyName>
					<cac:PartyName>
						<cbc:Name>Signatory Party Name 2</cbc:Name>
					</cac:PartyName>
					<cac:PartyName>
						<cbc:Name>Signatory Party Name 3</cbc:Name>
					</cac:PartyName>
					<cac:Person>
						<cbc:FirstName>Max</cbc:FirstName>
						<cbc:MiddleName>F.</cbc:MiddleName>
						<cbc:FamilyName>Mustermann</cbc:FamilyName>
						<cbc:JobTitle>Sachbearbeiter</cbc:JobTitle>
					</cac:Person>		
				</cac:SignatoryParty>
			</cac:ResultOfVerification>
			
			<cac:IssuerParty>
				<cbc:EndpointID>www.policyissuer.de</cbc:EndpointID>
				<cac:PartyIdentification>
					<cbc:ID>PartyIdentificationID1</cbc:ID>
				</cac:PartyIdentification>
				<cac:PartyIdentification>
					<cbc:ID>PartyIdentificationID2</cbc:ID>
				</cac:PartyIdentification>
				<cac:PartyIdentification>
					<cbc:ID>PartyIdentificationID3</cbc:ID>
				</cac:PartyIdentification>
				<cac:PartyName>
					<cbc:Name>Policy Issuing Service Provider Name 1</cbc:Name>
				</cac:PartyName>
				<cac:PartyName>
					<cbc:Name>Policy Issuing Service Provider Name 2</cbc:Name>
				</cac:PartyName>
				<cac:PartyName>
					<cbc:Name>Policy Issuing Service Provider Name 3</cbc:Name>
				</cac:PartyName>
				<cac:Person>
					<cbc:FirstName>Max</cbc:FirstName>
					<cbc:MiddleName>F.</cbc:MiddleName>
					<cbc:FamilyName>Mustermann</cbc:FamilyName>
					<cbc:JobTitle>Sachbearbeiter</cbc:JobTitle>
				</cac:Person>		
			</cac:IssuerParty>
		</cac:DocumentReference>
		
		<cac:DocumentReference>
			<cbc:ID>policyDoc_222</cbc:ID>
			<cbc:IssueDate>2010-01-27</cbc:IssueDate>
			<cbc:IssueTime>16:12:00</cbc:IssueTime>
			<cbc:DocumentTypeCode>application/pdf</cbc:DocumentTypeCode>
			<cbc:DocumentType>PDF Document</cbc:DocumentType>
			<cac:Language>
				<cbc:Name>German</cbc:Name>
				<cbc:LocaleCode>de</cbc:LocaleCode>
			</cac:Language>

			<cac:Attachment>
				<cac:ExternalReference>
					<cbc:URI>eu:peppol:vcd:a71ac10b-58cc-4372-a567-0e02b2b9d974:AdditionalDocumentSample-Part-2.pdf</cbc:URI>
					<cbc:DocumentHash>DocumentHash</cbc:DocumentHash>
					<cbc:HashAlgorithmMethod>HashAlgorithmMethod</cbc:HashAlgorithmMethod>
					<cbc:ExpiryDate>2021-01-01</cbc:ExpiryDate>
					<cbc:ExpiryTime>00:00:00</cbc:ExpiryTime>
					<cbc:MimeCode>MimeCode</cbc:MimeCode>
					<cbc:FormatCode>FormatCode</cbc:FormatCode>
					<cbc:EncodingCode>EncodingCode</cbc:EncodingCode>
					<cbc:CharacterSetCode>CharacterSetCode</cbc:CharacterSetCode>
					<cbc:FileName>AdditionalDocumentSample-Part-2.pdf</cbc:FileName>
				</cac:ExternalReference>
			</cac:Attachment>
			
			<cac:ResultOfVerification>
				<cbc:ValidatorID>ValidatorID</cbc:ValidatorID>
				<cbc:ValidateResultCode>ValidateResultCode</cbc:ValidateResultCode>
				<cbc:ValidationDate>ValidationDate</cbc:ValidationDate>
				<cbc:ValidationTime>ValidationTime</cbc:ValidationTime>
				<cbc:ValidateProcess>ValidateProcess</cbc:ValidateProcess>
				<cbc:ValidateTool>ValidateTool</cbc:ValidateTool>
				<cbc:ValidateToolVersion>ValidateToolVersion</cbc:ValidateToolVersion>
				<cac:SignatoryParty>
					<cbc:EndpointID>www.SignatoryParty.de</cbc:EndpointID>
					<cac:PartyIdentification>
						<cbc:ID>PartyIdentificationID1</cbc:ID>
					</cac:PartyIdentification>
					<cac:PartyIdentification>
						<cbc:ID>PartyIdentificationID2</cbc:ID>
					</cac:PartyIdentification>
					<cac:PartyIdentification>
						<cbc:ID>PartyIdentificationID3</cbc:ID>
					</cac:PartyIdentification>
					<cac:PartyName>
						<cbc:Name>Signatory Party Name 1</cbc:Name>
					</cac:PartyName>
					<cac:PartyName>
						<cbc:Name>Signatory Party Name 2</cbc:Name>
					</cac:PartyName>
					<cac:PartyName>
						<cbc:Name>Signatory Party Name 3</cbc:Name>
					</cac:PartyName>
					<cac:Person>
						<cbc:FirstName>Max</cbc:FirstName>
						<cbc:MiddleName>F.</cbc:MiddleName>
						<cbc:FamilyName>Mustermann</cbc:FamilyName>
						<cbc:JobTitle>Sachbearbeiter</cbc:JobTitle>
					</cac:Person>		
				</cac:SignatoryParty>
			</cac:ResultOfVerification>
			
			<cac:IssuerParty>
				<cbc:EndpointID>www.policyissuer.de</cbc:EndpointID>
				<cac:PartyIdentification>
					<cbc:ID>PartyIdentificationID1</cbc:ID>
				</cac:PartyIdentification>
				<cac:PartyIdentification>
					<cbc:ID>PartyIdentificationID2</cbc:ID>
				</cac:PartyIdentification>
				<cac:PartyIdentification>
					<cbc:ID>PartyIdentificationID3</cbc:ID>
				</cac:PartyIdentification>
				<cac:PartyName>
					<cbc:Name>Policy Issuing Service Provider Name 1</cbc:Name>
				</cac:PartyName>
				<cac:PartyName>
					<cbc:Name>Policy Issuing Service Provider Name 2</cbc:Name>
				</cac:PartyName>
				<cac:PartyName>
					<cbc:Name>Policy Issuing Service Provider Name 3</cbc:Name>
				</cac:PartyName>
				<cac:Person>
					<cbc:FirstName>Max</cbc:FirstName>
					<cbc:MiddleName>F.</cbc:MiddleName>
					<cbc:FamilyName>Mustermann</cbc:FamilyName>
					<cbc:JobTitle>Sachbearbeiter</cbc:JobTitle>
				</cac:Person>		
			</cac:IssuerParty>
		</cac:DocumentReference>
	</cac:NonEvidence>
		

		
		
		
	<cac:NonEvidence>
		<cbc:DocumentGroupID>DocumentGroupID</cbc:DocumentGroupID>
		<cbc:Title>AdditionalDocumentSample2</cbc:Title>

		<cac:DocumentReference>
			<cbc:ID>policyDoc_222</cbc:ID>
			<cbc:IssueDate>2010-01-27</cbc:IssueDate>
			<cbc:IssueTime>16:12:00</cbc:IssueTime>
			<cbc:DocumentTypeCode>application/pdf</cbc:DocumentTypeCode>
			<cbc:DocumentType>PDF Document</cbc:DocumentType>
			<cac:Language>
				<cbc:Name>German</cbc:Name>
				<cbc:LocaleCode>de</cbc:LocaleCode>
			</cac:Language>

			<cac:Attachment>
				<cac:ExternalReference>
					<cbc:URI>eu:peppol:vcd:a71ac10b-58cc-4372-a567-0e02b2b9d974:AdditionalDocumentSample2.pdf</cbc:URI>
					<cbc:DocumentHash>DocumentHash</cbc:DocumentHash>
					<cbc:HashAlgorithmMethod>HashAlgorithmMethod</cbc:HashAlgorithmMethod>
					<cbc:ExpiryDate>2021-01-01</cbc:ExpiryDate>
					<cbc:ExpiryTime>00:00:00</cbc:ExpiryTime>
					<cbc:MimeCode>MimeCode</cbc:MimeCode>
					<cbc:FormatCode>FormatCode</cbc:FormatCode>
					<cbc:EncodingCode>EncodingCode</cbc:EncodingCode>
					<cbc:CharacterSetCode>CharacterSetCode</cbc:CharacterSetCode>
					<cbc:FileName>AdditionalDocumentSample2.pdf</cbc:FileName>
				</cac:ExternalReference>
			</cac:Attachment>
			
			<cac:ResultOfVerification>
				<cbc:ValidatorID>ValidatorID</cbc:ValidatorID>
				<cbc:ValidateResultCode>ValidateResultCode</cbc:ValidateResultCode>
				<cbc:ValidationDate>ValidationDate</cbc:ValidationDate>
				<cbc:ValidationTime>ValidationTime</cbc:ValidationTime>
				<cbc:ValidateProcess>ValidateProcess</cbc:ValidateProcess>
				<cbc:ValidateTool>ValidateTool</cbc:ValidateTool>
				<cbc:ValidateToolVersion>ValidateToolVersion</cbc:ValidateToolVersion>
				<cac:SignatoryParty>
					<cbc:EndpointID>www.SignatoryParty.de</cbc:EndpointID>
					<cac:PartyIdentification>
						<cbc:ID>PartyIdentificationID1</cbc:ID>
					</cac:PartyIdentification>
					<cac:PartyIdentification>
						<cbc:ID>PartyIdentificationID2</cbc:ID>
					</cac:PartyIdentification>
					<cac:PartyIdentification>
						<cbc:ID>PartyIdentificationID3</cbc:ID>
					</cac:PartyIdentification>
					<cac:PartyName>
						<cbc:Name>Signatory Party Name 1</cbc:Name>
					</cac:PartyName>
					<cac:PartyName>
						<cbc:Name>Signatory Party Name 2</cbc:Name>
					</cac:PartyName>
					<cac:PartyName>
						<cbc:Name>Signatory Party Name 3</cbc:Name>
					</cac:PartyName>
					<cac:Person>
						<cbc:FirstName>Max</cbc:FirstName>
						<cbc:MiddleName>F.</cbc:MiddleName>
						<cbc:FamilyName>Mustermann</cbc:FamilyName>
						<cbc:JobTitle>Sachbearbeiter</cbc:JobTitle>
					</cac:Person>		
				</cac:SignatoryParty>
			</cac:ResultOfVerification>
			
			<cac:IssuerParty>
				<cbc:EndpointID>www.policyissuer.de</cbc:EndpointID>
				<cac:PartyIdentification>
					<cbc:ID>PartyIdentificationID1</cbc:ID>
				</cac:PartyIdentification>
				<cac:PartyIdentification>
					<cbc:ID>PartyIdentificationID2</cbc:ID>
				</cac:PartyIdentification>
				<cac:PartyIdentification>
					<cbc:ID>PartyIdentificationID3</cbc:ID>
				</cac:PartyIdentification>
				<cac:PartyName>
					<cbc:Name>Policy Issuing Service Provider Name 1</cbc:Name>
				</cac:PartyName>
				<cac:PartyName>
					<cbc:Name>Policy Issuing Service Provider Name 2</cbc:Name>
				</cac:PartyName>
				<cac:PartyName>
					<cbc:Name>Policy Issuing Service Provider Name 3</cbc:Name>
				</cac:PartyName>
				<cac:Person>
					<cbc:FirstName>Max</cbc:FirstName>
					<cbc:MiddleName>F.</cbc:MiddleName>
					<cbc:FamilyName>Mustermann</cbc:FamilyName>
					<cbc:JobTitle>Sachbearbeiter</cbc:JobTitle>
				</cac:Person>		
			</cac:IssuerParty>
		</cac:DocumentReference>
	</cac:NonEvidence>
		
		
	
	<cac:Signature>
		<cbc:ID>911212x191212</cbc:ID>
		<cbc:Note>This is the signature note</cbc:Note>
		<cbc:CanonicalizationMethod>CanonicalizationMethod</cbc:CanonicalizationMethod>
		<cbc:SignatureMethod>SignatureMethod</cbc:SignatureMethod>
		
		<cac:SignatoryParty>
            <cbc:EndpointID>EndpointID7</cbc:EndpointID>
            <cac:PartyIdentification>
                <cbc:ID>ID25</cbc:ID>
            </cac:PartyIdentification>
          <cac:PartyName>
                <cbc:Name>Name24</cbc:Name>
            </cac:PartyName>
            <cac:Person>
                <cbc:FirstName>FirstName3</cbc:FirstName>
                <cbc:FamilyName>FamilyName3</cbc:FamilyName>
                <cbc:MiddleName>MiddleName3</cbc:MiddleName>
                <cbc:JobTitle>JobTitle3</cbc:JobTitle>
            </cac:Person>
        </cac:SignatoryParty>
		
		<cac:DigitalSignatureAttachment>
			<cac:ExternalReference>
				<cbc:URI>eu:peppol:vcd:a71ac10b-58cc-4372-a567-0e02b2b9d974:DigitalSignatureAttachment.pdf</cbc:URI>
				<cbc:DocumentHash>DocumentHash</cbc:DocumentHash>
				<cbc:HashAlgorithmMethod>HashAlgorithmMethod</cbc:HashAlgorithmMethod>
				<cbc:ExpiryDate>2021-01-01</cbc:ExpiryDate>
				<cbc:ExpiryTime>00:00:00</cbc:ExpiryTime>
				<cbc:MimeCode>MimeCode</cbc:MimeCode>
				<cbc:FormatCode>FormatCode</cbc:FormatCode>
				<cbc:EncodingCode>EncodingCode</cbc:EncodingCode>
				<cbc:CharacterSetCode>CharacterSetCode</cbc:CharacterSetCode>
				<cbc:FileName>DigitalSignatureAttachment.pdf</cbc:FileName>
			</cac:ExternalReference>
		</cac:DigitalSignatureAttachment>
		
		<cac:OriginalDocumentReference>
			<cbc:ID>OriginalSignatureDoc_123</cbc:ID>
			<cbc:IssueDate>2010-07-27</cbc:IssueDate>
			<cbc:IssueTime>10:00:00</cbc:IssueTime>
			<cbc:DocumentTypeCode>application/pdf</cbc:DocumentTypeCode>
			<cbc:DocumentType>PDF Document</cbc:DocumentType>
			<cac:Language>
				<cbc:Name>German</cbc:Name>
				<cbc:LocaleCode>de</cbc:LocaleCode>
			</cac:Language>

			<cac:Attachment>
				<cac:ExternalReference>
					<cbc:URI>eu:peppol:vcd:a71ac10b-58cc-4372-a567-0e02b2b9d974:OriginalSignatureSample.pdf</cbc:URI>
					<cbc:DocumentHash>DocumentHash</cbc:DocumentHash>
					<cbc:HashAlgorithmMethod>HashAlgorithmMethod</cbc:HashAlgorithmMethod>
					<cbc:ExpiryDate>2021-01-01</cbc:ExpiryDate>
					<cbc:ExpiryTime>00:00:00</cbc:ExpiryTime>
					<cbc:MimeCode>MimeCode</cbc:MimeCode>
					<cbc:FormatCode>FormatCode</cbc:FormatCode>
					<cbc:EncodingCode>EncodingCode</cbc:EncodingCode>
					<cbc:CharacterSetCode>CharacterSetCode</cbc:CharacterSetCode>
					<cbc:FileName>OriginalSignatureSample.pdf</cbc:FileName>
				</cac:ExternalReference>
			</cac:Attachment>
			
			<cac:ResultOfVerification>
				<cbc:ValidatorID>ValidatorID</cbc:ValidatorID>
				<cbc:ValidateResultCode>ValidateResultCode</cbc:ValidateResultCode>
				<cbc:ValidationDate>ValidationDate</cbc:ValidationDate>
				<cbc:ValidationTime>ValidationTime</cbc:ValidationTime>
				<cbc:ValidateProcess>ValidateProcess</cbc:ValidateProcess>
				<cbc:ValidateTool>ValidateTool</cbc:ValidateTool>
				<cbc:ValidateToolVersion>ValidateToolVersion</cbc:ValidateToolVersion>
				<cac:SignatoryParty>
					<cbc:EndpointID>www.SignatoryParty.de</cbc:EndpointID>
					<cac:PartyIdentification>
						<cbc:ID>PartyIdentificationID1</cbc:ID>
					</cac:PartyIdentification>
					<cac:PartyIdentification>
						<cbc:ID>PartyIdentificationID2</cbc:ID>
					</cac:PartyIdentification>
					<cac:PartyIdentification>
						<cbc:ID>PartyIdentificationID3</cbc:ID>
					</cac:PartyIdentification>
					<cac:PartyName>
						<cbc:Name>Signatory Party Name 1</cbc:Name>
					</cac:PartyName>
					<cac:PartyName>
						<cbc:Name>Signatory Party Name 2</cbc:Name>
					</cac:PartyName>
					<cac:PartyName>
						<cbc:Name>Signatory Party Name 3</cbc:Name>
					</cac:PartyName>
					<cac:Person>
						<cbc:FirstName>Max</cbc:FirstName>
						<cbc:MiddleName>F.</cbc:MiddleName>
						<cbc:FamilyName>Mustermann</cbc:FamilyName>
						<cbc:JobTitle>Sachbearbeiter</cbc:JobTitle>
					</cac:Person>		
				</cac:SignatoryParty>
			</cac:ResultOfVerification>
			
			<cac:IssuerParty>
				<cbc:EndpointID>www.SignatureIssuer.de</cbc:EndpointID>
				<cac:PartyIdentification>
					<cbc:ID>PartyIdentificationID1</cbc:ID>
				</cac:PartyIdentification>
				<cac:PartyIdentification>
					<cbc:ID>PartyIdentificationID2</cbc:ID>
				</cac:PartyIdentification>
				<cac:PartyIdentification>
					<cbc:ID>PartyIdentificationID3</cbc:ID>
				</cac:PartyIdentification>
				<cac:PartyName>
					<cbc:Name>Signature Issuing Service Provider Name 1</cbc:Name>
				</cac:PartyName>
				<cac:PartyName>
					<cbc:Name>Signature Issuing Service Provider Name 2</cbc:Name>
				</cac:PartyName>
				<cac:PartyName>
					<cbc:Name>Signature Issuing Service Provider Name 3</cbc:Name>
				</cac:PartyName>
				<cac:Person>
					<cbc:FirstName>Max</cbc:FirstName>
					<cbc:MiddleName>F.</cbc:MiddleName>
					<cbc:FamilyName>Mustermann</cbc:FamilyName>
					<cbc:JobTitle>Sachbearbeiter</cbc:JobTitle>
				</cac:Person>		
			</cac:IssuerParty>
		
		</cac:OriginalDocumentReference>
	</cac:Signature>	
	
	
	

	
</vcd:VCD>
