<?xml version="1.0" encoding="UTF-8"?>
<vcdp:VCDPackage xmlns:cac="urn:peppol:wp2:schema:xsd:CommonAggregateComponents-2"
	xmlns:cbc="urn:peppol:wp2:schema:xsd:CommonBasicComponents-2"
	xmlns:cec="urn:oasis:names:specification:ubl:schema:xsd:CommonExtensionComponents-2"
	xmlns:clm54217="urn:un:unece:uncefact:codelist:specification:54217:2001"
	xmlns:clm66411="urn:un:unece:uncefact:codelist:specification:66411:2001"
	xmlns:clmIANAMIMEMediaType="urn:un:unece:uncefact:codelist:specification:IANAMIMEMediaType:2003"
	xmlns:udt="urn:un:unece:uncefact:data:specification:UnqualifiedDataTypesSchemaModule:2"
	xmlns:vcdp="urn:peppol:wp2:schema:xsd:VirtualCompanyDossierPackage-1"
	xmlns:xsi="http://www.w3.org/2001/XMLSchema-instance"
	xsi:schemaLocation="urn:peppol:wp2:schema:xsd:VirtualCompanyDossierPackage-1 ../../vcd_schema/xsd/maindoc/WP2-VirtualCompanyDossierPackage-1.xsd ">

	<cbc:UUID>f47ac10b-58cc-4372-a567-0e02b2c3d479</cbc:UUID>
	<cbc:CallForTenderID>2009/S 126-182775</cbc:CallForTenderID>
	<cbc:VCDSchemaVersionID>1.0</cbc:VCDSchemaVersionID>

	<!--  target country. italy, in this case. -->
	<cbc:OntologyDomainCode>http://m2n.at/2009/05/peppol/Country583c10bfdbd326ba%3A173f24f5%3A124c372bee6%3A-6d3c</cbc:OntologyDomainCode>
	<cbc:OntologyVersionID>1.0</cbc:OntologyVersionID>
	<cbc:CompilationDate>2009-12-15</cbc:CompilationDate>
	<cbc:CompilationTime>10:02:31.001</cbc:CompilationTime>

	
	
	
	<cac:ContractingAuthorityParty>
		<cbc:EndpointID>www.infocamere.it</cbc:EndpointID>
		<cac:PartyIdentification>
			<cbc:ID>InfocamerePartyID</cbc:ID>
		</cac:PartyIdentification>
		<cac:PartyName>
			<cbc:Name>Infocamere</cbc:Name>
		</cac:PartyName>
		<cac:Person>
			<cbc:FirstName>Piero</cbc:FirstName>
			<cbc:FamilyName>Milani</cbc:FamilyName>
		</cac:Person>
	</cac:ContractingAuthorityParty>

	
	
	
	<cac:RequesterParty>
		<cbc:EndpointID>www.example.de/requesterParty</cbc:EndpointID>
		<cac:PartyIdentification>
			<cbc:ID>RequesterPartyID1</cbc:ID>
		</cac:PartyIdentification>
		<cac:PartyIdentification>
			<cbc:ID>RequesterPartyID2</cbc:ID>
		</cac:PartyIdentification>
		<cac:PartyIdentification>
			<cbc:ID>RequesterPartyID3</cbc:ID>
		</cac:PartyIdentification>
		<cac:PartyName>
			<cbc:Name>Example RequesterParty Name 1</cbc:Name>
		</cac:PartyName>
		<cac:PartyName>
			<cbc:Name>Example RequesterParty Name 2</cbc:Name>
		</cac:PartyName>
		<cac:PartyName>
			<cbc:Name>Example RequesterParty Name 3</cbc:Name>
		</cac:PartyName>
		<cac:Person>
			<cbc:FirstName>Max</cbc:FirstName>
			<cbc:MiddleName>F.</cbc:MiddleName>
			<cbc:FamilyName>Mustermann</cbc:FamilyName>
			<cbc:JobTitle>Sachbearbeiter</cbc:JobTitle>
		</cac:Person>
	</cac:RequesterParty>
	
	
	
	
	<cac:IssuingService>
		<cbc:EndpointID>EndpointID</cbc:EndpointID>
		<cbc:Name>Name</cbc:Name>
		<cac:ProvidingParty>
			<cbc:EndpointID>www.issuingservice.de/providingParty</cbc:EndpointID>
			<cac:PartyIdentification>
				<cbc:ID>PartyIdentificationID1</cbc:ID>
			</cac:PartyIdentification>
			<cac:PartyIdentification>
				<cbc:ID>PartyIdentificationID2</cbc:ID>
			</cac:PartyIdentification>
			<cac:PartyIdentification>
				<cbc:ID>PartyIdentificationID3</cbc:ID>
			</cac:PartyIdentification>
			<cac:PartyName>
				<cbc:Name>Issuing Service Provider Name 1</cbc:Name>
			</cac:PartyName>
			<cac:PartyName>
				<cbc:Name>Issuing Service Provider Name 2</cbc:Name>
			</cac:PartyName>
			<cac:PartyName>
				<cbc:Name>Issuing Service Provider Name 3</cbc:Name>
			</cac:PartyName>
			<cac:Person>
				<cbc:FirstName>Max</cbc:FirstName>
				<cbc:MiddleName>F.</cbc:MiddleName>
				<cbc:FamilyName>Mustermann</cbc:FamilyName>
				<cbc:JobTitle>Sachbearbeiter</cbc:JobTitle>
			</cac:Person>		
		</cac:ProvidingParty>
		<cac:PolicyNonEvidence>
			<cbc:DocumentGroupID>DocumentGroupID</cbc:DocumentGroupID>
			<cbc:Title>Policy Title</cbc:Title>
			<cac:DocumentReference>
				<cbc:ID>policyDoc_123</cbc:ID>
				<cbc:IssueDate>2010-07-27</cbc:IssueDate>
				<cbc:IssueTime>10:00:00</cbc:IssueTime>
				<cbc:DocumentTypeCode>DocumentTypeCode</cbc:DocumentTypeCode>
				<cbc:DocumentType>PolicyDocumentSample1</cbc:DocumentType>
				<cac:Language>
					<cbc:Name>German</cbc:Name>
					<cbc:LocaleCode>de</cbc:LocaleCode>
				</cac:Language>

				<cac:Attachment>
					<cac:ExternalReference>
						<cbc:URI>eu:peppol:vcdpackage:f47ac10b-58cc-4372-a567-0e02b2c3d479:PolicyDocumentSample1.pdf</cbc:URI>
						<cbc:DocumentHash>DocumentHash</cbc:DocumentHash>
						<cbc:HashAlgorithmMethod>HashAlgorithmMethod</cbc:HashAlgorithmMethod>
						<cbc:ExpiryDate>2021-01-01</cbc:ExpiryDate>
						<cbc:ExpiryTime>00:00:00</cbc:ExpiryTime>
						<cbc:MimeCode>MimeCode</cbc:MimeCode>
						<cbc:FormatCode>FormatCode</cbc:FormatCode>
						<cbc:EncodingCode>EncodingCode</cbc:EncodingCode>
						<cbc:CharacterSetCode>CharacterSetCode</cbc:CharacterSetCode>
						<cbc:FileName>PolicyDocumentSample1.pdf</cbc:FileName>
					</cac:ExternalReference>
				</cac:Attachment>
				
				<cac:ResultOfVerification>
					<cbc:ValidatorID>ValidatorID</cbc:ValidatorID>
					<cbc:ValidateResultCode>ValidateResultCode</cbc:ValidateResultCode>
					<cbc:ValidationDate>ValidationDate</cbc:ValidationDate>
					<cbc:ValidationTime>ValidationTime</cbc:ValidationTime>
					<cbc:ValidateProcess>ValidateProcess</cbc:ValidateProcess>
					<cbc:ValidateTool>ValidateTool</cbc:ValidateTool>
					<cbc:ValidateToolVersion>ValidateToolVersion</cbc:ValidateToolVersion>
					<cac:SignatoryParty>
						<cbc:EndpointID>www.SignatoryParty.de</cbc:EndpointID>
						<cac:PartyIdentification>
							<cbc:ID>PartyIdentificationID1</cbc:ID>
						</cac:PartyIdentification>
						<cac:PartyIdentification>
							<cbc:ID>PartyIdentificationID2</cbc:ID>
						</cac:PartyIdentification>
						<cac:PartyIdentification>
							<cbc:ID>PartyIdentificationID3</cbc:ID>
						</cac:PartyIdentification>
						<cac:PartyName>
							<cbc:Name>Signatory Party Name 1</cbc:Name>
						</cac:PartyName>
						<cac:PartyName>
							<cbc:Name>Signatory Party Name 2</cbc:Name>
						</cac:PartyName>
						<cac:PartyName>
							<cbc:Name>Signatory Party Name 3</cbc:Name>
						</cac:PartyName>
						<cac:Person>
							<cbc:FirstName>Max</cbc:FirstName>
							<cbc:MiddleName>F.</cbc:MiddleName>
							<cbc:FamilyName>Mustermann</cbc:FamilyName>
							<cbc:JobTitle>Sachbearbeiter</cbc:JobTitle>
						</cac:Person>		
					</cac:SignatoryParty>
				</cac:ResultOfVerification>
				
				<cac:IssuerParty>
					<cbc:EndpointID>www.policyissuer.de</cbc:EndpointID>
					<cac:PartyIdentification>
						<cbc:ID>PartyIdentificationID1</cbc:ID>
					</cac:PartyIdentification>
					<cac:PartyIdentification>
						<cbc:ID>PartyIdentificationID2</cbc:ID>
					</cac:PartyIdentification>
					<cac:PartyIdentification>
						<cbc:ID>PartyIdentificationID3</cbc:ID>
					</cac:PartyIdentification>
					<cac:PartyName>
						<cbc:Name>Policy Issuing Service Provider Name 1</cbc:Name>
					</cac:PartyName>
					<cac:PartyName>
						<cbc:Name>Policy Issuing Service Provider Name 2</cbc:Name>
					</cac:PartyName>
					<cac:PartyName>
						<cbc:Name>Policy Issuing Service Provider Name 3</cbc:Name>
					</cac:PartyName>
					<cac:Person>
						<cbc:FirstName>Max</cbc:FirstName>
						<cbc:MiddleName>F.</cbc:MiddleName>
						<cbc:FamilyName>Mustermann</cbc:FamilyName>
						<cbc:JobTitle>Sachbearbeiter</cbc:JobTitle>
					</cac:Person>		
				</cac:IssuerParty>
			</cac:DocumentReference>			
			<cac:DocumentReference>
				<cbc:ID>policyDoc_222</cbc:ID>
				<cbc:IssueDate>2010-01-27</cbc:IssueDate>
				<cbc:IssueTime>16:12:00</cbc:IssueTime>
				<cbc:DocumentTypeCode>DocumentTypeCode</cbc:DocumentTypeCode>
				<cbc:DocumentType>PolicyDocumentSample2</cbc:DocumentType>
				<cac:Language>
					<cbc:Name>German</cbc:Name>
					<cbc:LocaleCode>de</cbc:LocaleCode>
				</cac:Language>

				<cac:Attachment>
					<cac:ExternalReference>
						<cbc:URI>eu:peppol:vcdpackage:f47ac10b-58cc-4372-a567-0e02b2c3d479:PolicyDocumentSample2.pdf</cbc:URI>
						<cbc:DocumentHash>DocumentHash</cbc:DocumentHash>
						<cbc:HashAlgorithmMethod>HashAlgorithmMethod</cbc:HashAlgorithmMethod>
						<cbc:ExpiryDate>2021-01-01</cbc:ExpiryDate>
						<cbc:ExpiryTime>00:00:00</cbc:ExpiryTime>
						<cbc:MimeCode>MimeCode</cbc:MimeCode>
						<cbc:FormatCode>FormatCode</cbc:FormatCode>
						<cbc:EncodingCode>EncodingCode</cbc:EncodingCode>
						<cbc:CharacterSetCode>CharacterSetCode</cbc:CharacterSetCode>
						<cbc:FileName>PolicyDocumentSample2.pdf</cbc:FileName>
					</cac:ExternalReference>
				</cac:Attachment>
				
				<cac:ResultOfVerification>
					<cbc:ValidatorID>ValidatorID</cbc:ValidatorID>
					<cbc:ValidateResultCode>ValidateResultCode</cbc:ValidateResultCode>
					<cbc:ValidationDate>ValidationDate</cbc:ValidationDate>
					<cbc:ValidationTime>ValidationTime</cbc:ValidationTime>
					<cbc:ValidateProcess>ValidateProcess</cbc:ValidateProcess>
					<cbc:ValidateTool>ValidateTool</cbc:ValidateTool>
					<cbc:ValidateToolVersion>ValidateToolVersion</cbc:ValidateToolVersion>
					<cac:SignatoryParty>
						<cbc:EndpointID>www.SignatoryParty.de</cbc:EndpointID>
						<cac:PartyIdentification>
							<cbc:ID>PartyIdentificationID1</cbc:ID>
						</cac:PartyIdentification>
						<cac:PartyIdentification>
							<cbc:ID>PartyIdentificationID2</cbc:ID>
						</cac:PartyIdentification>
						<cac:PartyIdentification>
							<cbc:ID>PartyIdentificationID3</cbc:ID>
						</cac:PartyIdentification>
						<cac:PartyName>
							<cbc:Name>Signatory Party Name 1</cbc:Name>
						</cac:PartyName>
						<cac:PartyName>
							<cbc:Name>Signatory Party Name 2</cbc:Name>
						</cac:PartyName>
						<cac:PartyName>
							<cbc:Name>Signatory Party Name 3</cbc:Name>
						</cac:PartyName>
						<cac:Person>
							<cbc:FirstName>Max</cbc:FirstName>
							<cbc:MiddleName>F.</cbc:MiddleName>
							<cbc:FamilyName>Mustermann</cbc:FamilyName>
							<cbc:JobTitle>Sachbearbeiter</cbc:JobTitle>
						</cac:Person>		
					</cac:SignatoryParty>
				</cac:ResultOfVerification>
				
				<cac:IssuerParty>
					<cbc:EndpointID>www.policyissuer.de</cbc:EndpointID>
					<cac:PartyIdentification>
						<cbc:ID>PartyIdentificationID1</cbc:ID>
					</cac:PartyIdentification>
					<cac:PartyIdentification>
						<cbc:ID>PartyIdentificationID2</cbc:ID>
					</cac:PartyIdentification>
					<cac:PartyIdentification>
						<cbc:ID>PartyIdentificationID3</cbc:ID>
					</cac:PartyIdentification>
					<cac:PartyName>
						<cbc:Name>Policy Issuing Service Provider Name 1</cbc:Name>
					</cac:PartyName>
					<cac:PartyName>
						<cbc:Name>Policy Issuing Service Provider Name 2</cbc:Name>
					</cac:PartyName>
					<cac:PartyName>
						<cbc:Name>Policy Issuing Service Provider Name 3</cbc:Name>
					</cac:PartyName>
					<cac:Person>
						<cbc:FirstName>Max</cbc:FirstName>
						<cbc:MiddleName>F.</cbc:MiddleName>
						<cbc:FamilyName>Mustermann</cbc:FamilyName>
						<cbc:JobTitle>Sachbearbeiter</cbc:JobTitle>
					</cac:Person>		
				</cac:IssuerParty>
			</cac:DocumentReference>
		</cac:PolicyNonEvidence>
	</cac:IssuingService>
	
	
	
	
	
	<cac:SingleTenderer>
		<cbc:VCDReferenceID>a71ac10b-58cc-4372-a567-0e02b2b9d974</cbc:VCDReferenceID>
		
		<cac:SubcontractorSingleTenderer>
			<cbc:VCDReferenceID>e19bc10b-58cc-4372-a567-0e02b2f9f123</cbc:VCDReferenceID>
		</cac:SubcontractorSingleTenderer>

		<cac:SubcontractorSingleTenderer>
			<cbc:VCDReferenceID>27014fd3-5add-4e24-b782-668bdc989483</cbc:VCDReferenceID>
		</cac:SubcontractorSingleTenderer>

		<cac:SubcontractorSingleTenderer>
			<cbc:VCDReferenceID>98254acf-0632-4564-9f7e-a91403215b70</cbc:VCDReferenceID>
		</cac:SubcontractorSingleTenderer>
	</cac:SingleTenderer>

	
	
	
	<cac:Signature>
		<cbc:ID>91x19</cbc:ID>
		<cbc:Note>This is the signature note</cbc:Note>
		<cbc:CanonicalizationMethod>CanonicalizationMethod</cbc:CanonicalizationMethod>
		<cbc:SignatureMethod>SignatureMethod</cbc:SignatureMethod>
		<cac:SignatoryParty>
            <cbc:EndpointID>EndpointID7</cbc:EndpointID>
            <cac:PartyIdentification>
                <cbc:ID>ID25</cbc:ID>
            </cac:PartyIdentification>
          <cac:PartyName>
                <cbc:Name>Name24</cbc:Name>
            </cac:PartyName>
            <cac:Person>
                <cbc:FirstName>FirstName3</cbc:FirstName>
                <cbc:FamilyName>FamilyName3</cbc:FamilyName>
                <cbc:MiddleName>MiddleName3</cbc:MiddleName>
                <cbc:JobTitle>JobTitle3</cbc:JobTitle>
            </cac:Person>
        </cac:SignatoryParty>
		<cac:DigitalSignatureAttachment>
			<cac:ExternalReference>
				<cbc:URI>eu:peppol:vcdpackage:f47ac10b-58cc-4372-a567-0e02b2c3d479:DigitalSignatureAttachment.pdf</cbc:URI>
				<cbc:DocumentHash>DocumentHash</cbc:DocumentHash>
				<cbc:HashAlgorithmMethod>HashAlgorithmMethod</cbc:HashAlgorithmMethod>
				<cbc:ExpiryDate>2021-01-01</cbc:ExpiryDate>
				<cbc:ExpiryTime>00:00:00</cbc:ExpiryTime>
				<cbc:MimeCode>MimeCode</cbc:MimeCode>
				<cbc:FormatCode>FormatCode</cbc:FormatCode>
				<cbc:EncodingCode>EncodingCode</cbc:EncodingCode>
				<cbc:CharacterSetCode>CharacterSetCode</cbc:CharacterSetCode>
				<cbc:FileName>DigitalSignatureAttachment.pdf</cbc:FileName>
			</cac:ExternalReference>
		</cac:DigitalSignatureAttachment>
		<cac:OriginalDocumentReference>
			<cbc:ID>OriginalSignatureDoc_123</cbc:ID>
			<cbc:IssueDate>2010-07-27</cbc:IssueDate>
			<cbc:IssueTime>10:00:00</cbc:IssueTime>
			<cbc:DocumentTypeCode>DocumentTypeCode</cbc:DocumentTypeCode>
			<cbc:DocumentType>OriginalSignatureSample</cbc:DocumentType>
			<cac:Language>
				<cbc:Name>German</cbc:Name>
				<cbc:LocaleCode>de</cbc:LocaleCode>
			</cac:Language>

			<cac:Attachment>
				<cac:ExternalReference>
					<cbc:URI>eu:peppol:vcdpackage:f47ac10b-58cc-4372-a567-0e02b2c3d479:OriginalSignatureSample.pdf</cbc:URI>
					<cbc:DocumentHash>DocumentHash</cbc:DocumentHash>
					<cbc:HashAlgorithmMethod>HashAlgorithmMethod</cbc:HashAlgorithmMethod>
					<cbc:ExpiryDate>2021-01-01</cbc:ExpiryDate>
					<cbc:ExpiryTime>00:00:00</cbc:ExpiryTime>
					<cbc:MimeCode>MimeCode</cbc:MimeCode>
					<cbc:FormatCode>FormatCode</cbc:FormatCode>
					<cbc:EncodingCode>EncodingCode</cbc:EncodingCode>
					<cbc:CharacterSetCode>CharacterSetCode</cbc:CharacterSetCode>
					<cbc:FileName>OriginalSignatureSample.pdf</cbc:FileName>
				</cac:ExternalReference>
			</cac:Attachment>
			
			<cac:ResultOfVerification>
				<cbc:ValidatorID>ValidatorID</cbc:ValidatorID>
				<cbc:ValidateResultCode>ValidateResultCode</cbc:ValidateResultCode>
				<cbc:ValidationDate>ValidationDate</cbc:ValidationDate>
				<cbc:ValidationTime>ValidationTime</cbc:ValidationTime>
				<cbc:ValidateProcess>ValidateProcess</cbc:ValidateProcess>
				<cbc:ValidateTool>ValidateTool</cbc:ValidateTool>
				<cbc:ValidateToolVersion>ValidateToolVersion</cbc:ValidateToolVersion>
				<cac:SignatoryParty>
					<cbc:EndpointID>www.SignatoryParty.de</cbc:EndpointID>
					<cac:PartyIdentification>
						<cbc:ID>PartyIdentificationID1</cbc:ID>
					</cac:PartyIdentification>
					<cac:PartyIdentification>
						<cbc:ID>PartyIdentificationID2</cbc:ID>
					</cac:PartyIdentification>
					<cac:PartyIdentification>
						<cbc:ID>PartyIdentificationID3</cbc:ID>
					</cac:PartyIdentification>
					<cac:PartyName>
						<cbc:Name>Signatory Party Name 1</cbc:Name>
					</cac:PartyName>
					<cac:PartyName>
						<cbc:Name>Signatory Party Name 2</cbc:Name>
					</cac:PartyName>
					<cac:PartyName>
						<cbc:Name>Signatory Party Name 3</cbc:Name>
					</cac:PartyName>
					<cac:Person>
						<cbc:FirstName>Max</cbc:FirstName>
						<cbc:MiddleName>F.</cbc:MiddleName>
						<cbc:FamilyName>Mustermann</cbc:FamilyName>
						<cbc:JobTitle>Sachbearbeiter</cbc:JobTitle>
					</cac:Person>		
				</cac:SignatoryParty>
			</cac:ResultOfVerification>
			
			<cac:IssuerParty>
				<cbc:EndpointID>www.policyissuer.de</cbc:EndpointID>
				<cac:PartyName>
					<cbc:Name>Policy Issuing Service Provider Name</cbc:Name>
				</cac:PartyName>
				<cac:Person>
					<cbc:FirstName>Max</cbc:FirstName>
					<cbc:MiddleName>F.</cbc:MiddleName>
					<cbc:FamilyName>Mustermann</cbc:FamilyName>
					<cbc:JobTitle>Sachbearbeiter</cbc:JobTitle>
				</cac:Person>		
			</cac:IssuerParty>
		</cac:OriginalDocumentReference>
	</cac:Signature>
	
	
</vcdp:VCDPackage>
